location_code,location_name,location_level,language_code,language_name,language_rank,proportion_value,reliability_score,dataset_name,url,source,datetime_published,date_creation,representivity_rating
NG036003,Damaturu,2,bura1272,Bura,7,0.012882276944141648,0.7917,REACH NGA Dataset and Analysis North East Nigeria MSNA 2021 November 2021,https://repository.impact-initiatives.org/document/impact/0a02ead7/REACH-NGA-Dataset-and-Analysis-North-East-Nigeria-MSNA-2021-November-2021.xlsx,form,03-23-2022,07-08-2025 16:29:31,high
NG036003,Damaturu,2,bade1248,Bade,5,0.025764553888283297,0.7917,REACH NGA Dataset and Analysis North East Nigeria MSNA 2021 November 2021,https://repository.impact-initiatives.org/document/impact/0a02ead7/REACH-NGA-Dataset-and-Analysis-North-East-Nigeria-MSNA-2021-November-2021.xlsx,form,03-23-2022,07-08-2025 16:29:31,high
NG036003,Damaturu,2,kare1348,Karekare,4,0.04254818507949272,0.7917,REACH NGA Dataset and Analysis North East Nigeria MSNA 2021 November 2021,https://repository.impact-initiatives.org/document/impact/0a02ead7/REACH-NGA-Dataset-and-Analysis-North-East-Nigeria-MSNA-2021-November-2021.xlsx,form,03-23-2022,07-08-2025 16:29:31,high
NG036003,Damaturu,2,ngam1282,Ngamo,9,4.857801359104869e-05,0.7917,REACH NGA Dataset and Analysis North East Nigeria MSNA 2021 November 2021,https://repository.impact-initiatives.org/document/impact/0a02ead7/REACH-NGA-Dataset-and-Analysis-North-East-Nigeria-MSNA-2021-November-2021.xlsx,form,03-23-2022,07-08-2025 16:29:31,high
NG036003,Damaturu,2,haus1257,Hausa,1,0.4277554468399841,0.7917,REACH NGA Dataset and Analysis North East Nigeria MSNA 2021 November 2021,https://repository.impact-initiatives.org/document/impact/0a02ead7/REACH-NGA-Dataset-and-Analysis-North-East-Nigeria-MSNA-2021-November-2021.xlsx,form,03-23-2022,07-08-2025 16:29:31,high
NG036003,Damaturu,2,mbat1250,Mbat,9,4.857801359104869e-05,0.7917,REACH NGA Dataset and Analysis North East Nigeria MSNA 2021 November 2021,https://repository.impact-initiatives.org/document/impact/0a02ead7/REACH-NGA-Dataset-and-Analysis-North-East-Nigeria-MSNA-2021-November-2021.xlsx,form,03-23-2022,07-08-2025 16:29:31,high
NG036003,Damaturu,2,fula1265,Eastern Fula,3,0.1920559399591864,0.7917,REACH NGA Dataset and Analysis North East Nigeria MSNA 2021 November 2021,https://repository.impact-initiatives.org/document/impact/0a02ead7/REACH-NGA-Dataset-and-Analysis-North-East-Nigeria-MSNA-2021-November-2021.xlsx,form,03-23-2022,07-08-2025 16:29:31,high
NG036003,Damaturu,2,cent2050,Central Kanuri,2,0.2860141643175881,0.7917,REACH NGA Dataset and Analysis North East Nigeria MSNA 2021 November 2021,https://repository.impact-initiatives.org/document/impact/0a02ead7/REACH-NGA-Dataset-and-Analysis-North-East-Nigeria-MSNA-2021-November-2021.xlsx,form,03-23-2022,07-08-2025 16:29:31,high
NG036003,Damaturu,2,chad1249,Chadian Arabic,7,0.012882276944141648,0.7917,REACH NGA Dataset and Analysis North East Nigeria MSNA 2021 November 2021,https://repository.impact-initiatives.org/document/impact/0a02ead7/REACH-NGA-Dataset-and-Analysis-North-East-Nigeria-MSNA-2021-November-2021.xlsx,form,03-23-2022,07-08-2025 16:29:31,high
NG036010,Karasuwa,2,haus1257,Hausa,1,0.6244757849566985,0.7917,REACH NGA Dataset and Analysis North East Nigeria MSNA 2021 November 2021,https://repository.impact-initiatives.org/document/impact/0a02ead7/REACH-NGA-Dataset-and-Analysis-North-East-Nigeria-MSNA-2021-November-2021.xlsx,form,03-23-2022,07-08-2025 16:29:31,high
NG036010,Karasuwa,2,fula1265,Eastern Fula,3,0.0808879610722413,0.7917,REACH NGA Dataset and Analysis North East Nigeria MSNA 2021 November 2021,https://repository.impact-initiatives.org/document/impact/0a02ead7/REACH-NGA-Dataset-and-Analysis-North-East-Nigeria-MSNA-2021-November-2021.xlsx,form,03-23-2022,07-08-2025 16:29:31,high
NG036010,Karasuwa,2,cent2050,Central Kanuri,2,0.2946362539710602,0.7917,REACH NGA Dataset and Analysis North East Nigeria MSNA 2021 November 2021,https://repository.impact-initiatives.org/document/impact/0a02ead7/REACH-NGA-Dataset-and-Analysis-North-East-Nigeria-MSNA-2021-November-2021.xlsx,form,03-23-2022,07-08-2025 16:29:31,high
NG002008,Jada,2,nucl1240,Mumuye,4,0.03121183313333109,0.7917,REACH NGA Dataset and Analysis North East Nigeria MSNA 2021 November 2021,https://repository.impact-initiatives.org/document/impact/0a02ead7/REACH-NGA-Dataset-and-Analysis-North-East-Nigeria-MSNA-2021-November-2021.xlsx,form,03-23-2022,07-08-2025 16:29:31,high
NG002008,Jada,2,kamw1239,Kamwe,8,0.005201972188888515,0.7917,REACH NGA Dataset and Analysis North East Nigeria MSNA 2021 November 2021,https://repository.impact-initiatives.org/document/impact/0a02ead7/REACH-NGA-Dataset-and-Analysis-North-East-Nigeria-MSNA-2021-November-2021.xlsx,form,03-23-2022,07-08-2025 16:29:31,high
NG002008,Jada,2,haus1257,Hausa,3,0.26530058163331427,0.7917,REACH NGA Dataset and Analysis North East Nigeria MSNA 2021 November 2021,https://repository.impact-initiatives.org/document/impact/0a02ead7/REACH-NGA-Dataset-and-Analysis-North-East-Nigeria-MSNA-2021-November-2021.xlsx,form,03-23-2022,07-08-2025 16:29:31,high
NG002008,Jada,2,stan1293,English,5,0.015605916566665545,0.7917,REACH NGA Dataset and Analysis North East Nigeria MSNA 2021 November 2021,https://repository.impact-initiatives.org/document/impact/0a02ead7/REACH-NGA-Dataset-and-Analysis-North-East-Nigeria-MSNA-2021-November-2021.xlsx,form,03-23-2022,07-08-2025 16:29:31,high
NG002008,Jada,2,long1389,Longuda,8,0.005201972188888515,0.7917,REACH NGA Dataset and Analysis North East Nigeria MSNA 2021 November 2021,https://repository.impact-initiatives.org/document/impact/0a02ead7/REACH-NGA-Dataset-and-Analysis-North-East-Nigeria-MSNA-2021-November-2021.xlsx,form,03-23-2022,07-08-2025 16:29:31,high
NG002008,Jada,2,kilb1234,Kilba-South Margi,8,0.005201972188888515,0.7917,REACH NGA Dataset and Analysis North East Nigeria MSNA 2021 November 2021,https://repository.impact-initiatives.org/document/impact/0a02ead7/REACH-NGA-Dataset-and-Analysis-North-East-Nigeria-MSNA-2021-November-2021.xlsx,form,03-23-2022,07-08-2025 16:29:31,high
NG002008,Jada,2,cham1337,Chamba Donga,2,0.29131044257775685,0.7917,REACH NGA Dataset and Analysis North East Nigeria MSNA 2021 November 2021,https://repository.impact-initiatives.org/document/impact/0a02ead7/REACH-NGA-Dataset-and-Analysis-North-East-Nigeria-MSNA-2021-November-2021.xlsx,form,03-23-2022,07-08-2025 16:29:31,high
NG002008,Jada,2,fula1265,Eastern Fula,1,0.3725516813722314,0.7917,REACH NGA Dataset and Analysis North East Nigeria MSNA 2021 November 2021,https://repository.impact-initiatives.org/document/impact/0a02ead7/REACH-NGA-Dataset-and-Analysis-North-East-Nigeria-MSNA-2021-November-2021.xlsx,form,03-23-2022,07-08-2025 16:29:31,high
NG002008,Jada,2,cent2050,Central Kanuri,6,0.008413628150035312,0.7917,REACH NGA Dataset and Analysis North East Nigeria MSNA 2021 November 2021,https://repository.impact-initiatives.org/document/impact/0a02ead7/REACH-NGA-Dataset-and-Analysis-North-East-Nigeria-MSNA-2021-November-2021.xlsx,form,03-23-2022,07-08-2025 16:29:31,high
NG008021,Maiduguri,2,bura1272,Bura,4,0.03176681448695005,0.7917,REACH NGA Dataset and Analysis North East Nigeria MSNA 2021 November 2021,https://repository.impact-initiatives.org/document/impact/0a02ead7/REACH-NGA-Dataset-and-Analysis-North-East-Nigeria-MSNA-2021-November-2021.xlsx,form,03-23-2022,07-08-2025 16:29:31,high
NG008021,Maiduguri,2,glav1244,Glavda,11,0.007370134529481593,0.7917,REACH NGA Dataset and Analysis North East Nigeria MSNA 2021 November 2021,https://repository.impact-initiatives.org/document/impact/0a02ead7/REACH-NGA-Dataset-and-Analysis-North-East-Nigeria-MSNA-2021-November-2021.xlsx,form,03-23-2022,07-08-2025 16:29:31,high
NG008021,Maiduguri,2,ciba1236,Cibak,6,0.008075558192761793,0.7917,REACH NGA Dataset and Analysis North East Nigeria MSNA 2021 November 2021,https://repository.impact-initiatives.org/document/impact/0a02ead7/REACH-NGA-Dataset-and-Analysis-North-East-Nigeria-MSNA-2021-November-2021.xlsx,form,03-23-2022,07-08-2025 16:29:31,high
NG008021,Maiduguri,2,mafa1239,Mafa,11,0.007370134529481593,0.7917,REACH NGA Dataset and Analysis North East Nigeria MSNA 2021 November 2021,https://repository.impact-initiatives.org/document/impact/0a02ead7/REACH-NGA-Dataset-and-Analysis-North-East-Nigeria-MSNA-2021-November-2021.xlsx,form,03-23-2022,07-08-2025 16:29:31,high
NG008021,Maiduguri,2,kare1348,Karekare,11,0.007370134529481593,0.7917,REACH NGA Dataset and Analysis North East Nigeria MSNA 2021 November 2021,https://repository.impact-initiatives.org/document/impact/0a02ead7/REACH-NGA-Dataset-and-Analysis-North-East-Nigeria-MSNA-2021-November-2021.xlsx,form,03-23-2022,07-08-2025 16:29:31,high
NG008021,Maiduguri,2,haus1257,Hausa,1,0.42626185925459464,0.7917,REACH NGA Dataset and Analysis North East Nigeria MSNA 2021 November 2021,https://repository.impact-initiatives.org/document/impact/0a02ead7/REACH-NGA-Dataset-and-Analysis-North-East-Nigeria-MSNA-2021-November-2021.xlsx,form,03-23-2022,07-08-2025 16:29:31,high
NG008021,Maiduguri,2,stan1293,English,7,0.007941703621737512,0.7917,REACH NGA Dataset and Analysis North East Nigeria MSNA 2021 November 2021,https://repository.impact-initiatives.org/document/impact/0a02ead7/REACH-NGA-Dataset-and-Analysis-North-East-Nigeria-MSNA-2021-November-2021.xlsx,form,03-23-2022,07-08-2025 16:29:31,high
NG008021,Maiduguri,2,juku1259,Jukun,11,0.007370134529481593,0.7917,REACH NGA Dataset and Analysis North East Nigeria MSNA 2021 November 2021,https://repository.impact-initiatives.org/document/impact/0a02ead7/REACH-NGA-Dataset-and-Analysis-North-East-Nigeria-MSNA-2021-November-2021.xlsx,form,03-23-2022,07-08-2025 16:29:31,high
NG008021,Maiduguri,2,fula1265,Eastern Fula,5,0.015311838151219104,0.7917,REACH NGA Dataset and Analysis North East Nigeria MSNA 2021 November 2021,https://repository.impact-initiatives.org/document/impact/0a02ead7/REACH-NGA-Dataset-and-Analysis-North-East-Nigeria-MSNA-2021-November-2021.xlsx,form,03-23-2022,07-08-2025 16:29:31,high
NG008021,Maiduguri,2,cent2050,Central Kanuri,2,0.42048590466219005,0.7917,REACH NGA Dataset and Analysis North East Nigeria MSNA 2021 November 2021,https://repository.impact-initiatives.org/document/impact/0a02ead7/REACH-NGA-Dataset-and-Analysis-North-East-Nigeria-MSNA-2021-November-2021.xlsx,form,03-23-2022,07-08-2025 16:29:31,high
NG008021,Maiduguri,2,Unknown,Unknown,11,0.007370134529481593,0.7917,REACH NGA Dataset and Analysis North East Nigeria MSNA 2021 November 2021,https://repository.impact-initiatives.org/document/impact/0a02ead7/REACH-NGA-Dataset-and-Analysis-North-East-Nigeria-MSNA-2021-November-2021.xlsx,form,03-23-2022,07-08-2025 16:29:31,high
NG008021,Maiduguri,2,bium1270,Marghic,11,0.007370134529481593,0.7917,REACH NGA Dataset and Analysis North East Nigeria MSNA 2021 November 2021,https://repository.impact-initiatives.org/document/impact/0a02ead7/REACH-NGA-Dataset-and-Analysis-North-East-Nigeria-MSNA-2021-November-2021.xlsx,form,03-23-2022,07-08-2025 16:29:31,high
NG008021,Maiduguri,2,chad1249,Chadian Arabic,3,0.04593551445365732,0.7917,REACH NGA Dataset and Analysis North East Nigeria MSNA 2021 November 2021,https://repository.impact-initiatives.org/document/impact/0a02ead7/REACH-NGA-Dataset-and-Analysis-North-East-Nigeria-MSNA-2021-November-2021.xlsx,form,03-23-2022,07-08-2025 16:29:31,high
NG002007,Hong,2,yoru1245,Yoruba,6,0.012423958161912114,0.7917,REACH NGA Dataset and Analysis North East Nigeria MSNA 2021 November 2021,https://repository.impact-initiatives.org/document/impact/0a02ead7/REACH-NGA-Dataset-and-Analysis-North-East-Nigeria-MSNA-2021-November-2021.xlsx,form,03-23-2022,07-08-2025 16:29:31,high
NG002007,Hong,2,kamw1239,Kamwe,2,0.054958806896100554,0.7917,REACH NGA Dataset and Analysis North East Nigeria MSNA 2021 November 2021,https://repository.impact-initiatives.org/document/impact/0a02ead7/REACH-NGA-Dataset-and-Analysis-North-East-Nigeria-MSNA-2021-November-2021.xlsx,form,03-23-2022,07-08-2025 16:29:31,high
NG002007,Hong,2,haus1257,Hausa,3,0.03369138252900634,0.7917,REACH NGA Dataset and Analysis North East Nigeria MSNA 2021 November 2021,https://repository.impact-initiatives.org/document/impact/0a02ead7/REACH-NGA-Dataset-and-Analysis-North-East-Nigeria-MSNA-2021-November-2021.xlsx,form,03-23-2022,07-08-2025 16:29:31,high
NG002007,Hong,2,stan1293,English,7,0.005316856091773555,0.7917,REACH NGA Dataset and Analysis North East Nigeria MSNA 2021 November 2021,https://repository.impact-initiatives.org/document/impact/0a02ead7/REACH-NGA-Dataset-and-Analysis-North-East-Nigeria-MSNA-2021-November-2021.xlsx,form,03-23-2022,07-08-2025 16:29:31,high
NG002007,Hong,2,kilb1234,Kilba-South Margi,1,0.8528105117220626,0.7917,REACH NGA Dataset and Analysis North East Nigeria MSNA 2021 November 2021,https://repository.impact-initiatives.org/document/impact/0a02ead7/REACH-NGA-Dataset-and-Analysis-North-East-Nigeria-MSNA-2021-November-2021.xlsx,form,03-23-2022,07-08-2025 16:29:31,high
NG002007,Hong,2,fula1265,Eastern Fula,4,0.02837452643723278,0.7917,REACH NGA Dataset and Analysis North East Nigeria MSNA 2021 November 2021,https://repository.impact-initiatives.org/document/impact/0a02ead7/REACH-NGA-Dataset-and-Analysis-North-East-Nigeria-MSNA-2021-November-2021.xlsx,form,03-23-2022,07-08-2025 16:29:31,high
NG002007,Hong,2,bium1270,Marghic,6,0.012423958161912114,0.7917,REACH NGA Dataset and Analysis North East Nigeria MSNA 2021 November 2021,https://repository.impact-initiatives.org/document/impact/0a02ead7/REACH-NGA-Dataset-and-Analysis-North-East-Nigeria-MSNA-2021-November-2021.xlsx,form,03-23-2022,07-08-2025 16:29:31,high
NG002006,Guyuk,2,bura1272,Bura,5,0.009443012193690778,0.7917,REACH NGA Dataset and Analysis North East Nigeria MSNA 2021 November 2021,https://repository.impact-initiatives.org/document/impact/0a02ead7/REACH-NGA-Dataset-and-Analysis-North-East-Nigeria-MSNA-2021-November-2021.xlsx,form,03-23-2022,07-08-2025 16:29:31,high
NG002006,Guyuk,2,dera1248,Dera (Nigeria),4,0.048524150776254674,0.7917,REACH NGA Dataset and Analysis North East Nigeria MSNA 2021 November 2021,https://repository.impact-initiatives.org/document/impact/0a02ead7/REACH-NGA-Dataset-and-Analysis-North-East-Nigeria-MSNA-2021-November-2021.xlsx,form,03-23-2022,07-08-2025 16:29:31,high
NG002006,Guyuk,2,haus1257,Hausa,3,0.05546558244653667,0.7917,REACH NGA Dataset and Analysis North East Nigeria MSNA 2021 November 2021,https://repository.impact-initiatives.org/document/impact/0a02ead7/REACH-NGA-Dataset-and-Analysis-North-East-Nigeria-MSNA-2021-November-2021.xlsx,form,03-23-2022,07-08-2025 16:29:31,high
NG002006,Guyuk,2,long1389,Longuda,1,0.8110231570339916,0.7917,REACH NGA Dataset and Analysis North East Nigeria MSNA 2021 November 2021,https://repository.impact-initiatives.org/document/impact/0a02ead7/REACH-NGA-Dataset-and-Analysis-North-East-Nigeria-MSNA-2021-November-2021.xlsx,form,03-23-2022,07-08-2025 16:29:31,high
NG002006,Guyuk,2,cham1337,Chamba Donga,6,0.004721506096845389,0.7917,REACH NGA Dataset and Analysis North East Nigeria MSNA 2021 November 2021,https://repository.impact-initiatives.org/document/impact/0a02ead7/REACH-NGA-Dataset-and-Analysis-North-East-Nigeria-MSNA-2021-November-2021.xlsx,form,03-23-2022,07-08-2025 16:29:31,high
NG002006,Guyuk,2,fula1265,Eastern Fula,2,0.07082259145268083,0.7917,REACH NGA Dataset and Analysis North East Nigeria MSNA 2021 November 2021,https://repository.impact-initiatives.org/document/impact/0a02ead7/REACH-NGA-Dataset-and-Analysis-North-East-Nigeria-MSNA-2021-November-2021.xlsx,form,03-23-2022,07-08-2025 16:29:31,high
NG008006,Chibok,2,ciba1236,Cibak,1,0.8829983869843737,0.7917,REACH NGA Dataset and Analysis North East Nigeria MSNA 2021 November 2021,https://repository.impact-initiatives.org/document/impact/0a02ead7/REACH-NGA-Dataset-and-Analysis-North-East-Nigeria-MSNA-2021-November-2021.xlsx,form,03-23-2022,07-08-2025 16:29:31,high
NG008006,Chibok,2,haus1257,Hausa,2,0.08245246911609938,0.7917,REACH NGA Dataset and Analysis North East Nigeria MSNA 2021 November 2021,https://repository.impact-initiatives.org/document/impact/0a02ead7/REACH-NGA-Dataset-and-Analysis-North-East-Nigeria-MSNA-2021-November-2021.xlsx,form,03-23-2022,07-08-2025 16:29:31,high
NG008006,Chibok,2,stan1293,English,5,0.004184116399024534,0.7917,REACH NGA Dataset and Analysis North East Nigeria MSNA 2021 November 2021,https://repository.impact-initiatives.org/document/impact/0a02ead7/REACH-NGA-Dataset-and-Analysis-North-East-Nigeria-MSNA-2021-November-2021.xlsx,form,03-23-2022,07-08-2025 16:29:31,high
NG008006,Chibok,2,fula1265,Eastern Fula,4,0.00968331507463785,0.7917,REACH NGA Dataset and Analysis North East Nigeria MSNA 2021 November 2021,https://repository.impact-initiatives.org/document/impact/0a02ead7/REACH-NGA-Dataset-and-Analysis-North-East-Nigeria-MSNA-2021-November-2021.xlsx,form,03-23-2022,07-08-2025 16:29:31,high
NG008006,Chibok,2,bium1270,Marghic,3,0.020681712425864477,0.7917,REACH NGA Dataset and Analysis North East Nigeria MSNA 2021 November 2021,https://repository.impact-initiatives.org/document/impact/0a02ead7/REACH-NGA-Dataset-and-Analysis-North-East-Nigeria-MSNA-2021-November-2021.xlsx,form,03-23-2022,07-08-2025 16:29:31,high
NG036001,Bade,2,bade1248,Bade,6,0.0045448293670940255,0.7917,REACH NGA Dataset and Analysis North East Nigeria MSNA 2021 November 2021,https://repository.impact-initiatives.org/document/impact/0a02ead7/REACH-NGA-Dataset-and-Analysis-North-East-Nigeria-MSNA-2021-November-2021.xlsx,form,03-23-2022,07-08-2025 16:29:31,high
NG036001,Bade,2,haus1257,Hausa,1,0.8487236170745086,0.7917,REACH NGA Dataset and Analysis North East Nigeria MSNA 2021 November 2021,https://repository.impact-initiatives.org/document/impact/0a02ead7/REACH-NGA-Dataset-and-Analysis-North-East-Nigeria-MSNA-2021-November-2021.xlsx,form,03-23-2022,07-08-2025 16:29:31,high
NG036001,Bade,2,taka1260,Takari,6,0.0045448293670940255,0.7917,REACH NGA Dataset and Analysis North East Nigeria MSNA 2021 November 2021,https://repository.impact-initiatives.org/document/impact/0a02ead7/REACH-NGA-Dataset-and-Analysis-North-East-Nigeria-MSNA-2021-November-2021.xlsx,form,03-23-2022,07-08-2025 16:29:31,high
NG036001,Bade,2,stan1293,English,4,0.009089658734188051,0.7917,REACH NGA Dataset and Analysis North East Nigeria MSNA 2021 November 2021,https://repository.impact-initiatives.org/document/impact/0a02ead7/REACH-NGA-Dataset-and-Analysis-North-East-Nigeria-MSNA-2021-November-2021.xlsx,form,03-23-2022,07-08-2025 16:29:31,high
NG036001,Bade,2,fula1265,Eastern Fula,3,0.03942025984190095,0.7917,REACH NGA Dataset and Analysis North East Nigeria MSNA 2021 November 2021,https://repository.impact-initiatives.org/document/impact/0a02ead7/REACH-NGA-Dataset-and-Analysis-North-East-Nigeria-MSNA-2021-November-2021.xlsx,form,03-23-2022,07-08-2025 16:29:31,high
NG036001,Bade,2,cent2050,Central Kanuri,2,0.0936768056152144,0.7917,REACH NGA Dataset and Analysis North East Nigeria MSNA 2021 November 2021,https://repository.impact-initiatives.org/document/impact/0a02ead7/REACH-NGA-Dataset-and-Analysis-North-East-Nigeria-MSNA-2021-November-2021.xlsx,form,03-23-2022,07-08-2025 16:29:31,high
NG002017,Shelleng,2,bura1272,Bura,9,0.006081540088961098,0.7917,REACH NGA Dataset and Analysis North East Nigeria MSNA 2021 November 2021,https://repository.impact-initiatives.org/document/impact/0a02ead7/REACH-NGA-Dataset-and-Analysis-North-East-Nigeria-MSNA-2021-November-2021.xlsx,form,03-23-2022,07-08-2025 16:29:31,high
NG002017,Shelleng,2,waja1259,Waja,7,0.030228400633189836,0.7917,REACH NGA Dataset and Analysis North East Nigeria MSNA 2021 November 2021,https://repository.impact-initiatives.org/document/impact/0a02ead7/REACH-NGA-Dataset-and-Analysis-North-East-Nigeria-MSNA-2021-November-2021.xlsx,form,03-23-2022,07-08-2025 16:29:31,high
NG002017,Shelleng,2,kare1348,Karekare,5,0.0642657684138591,0.7917,REACH NGA Dataset and Analysis North East Nigeria MSNA 2021 November 2021,https://repository.impact-initiatives.org/document/impact/0a02ead7/REACH-NGA-Dataset-and-Analysis-North-East-Nigeria-MSNA-2021-November-2021.xlsx,form,03-23-2022,07-08-2025 16:29:31,high
NG002017,Shelleng,2,dera1248,Dera (Nigeria),2,0.31239081272091274,0.7917,REACH NGA Dataset and Analysis North East Nigeria MSNA 2021 November 2021,https://repository.impact-initiatives.org/document/impact/0a02ead7/REACH-NGA-Dataset-and-Analysis-North-East-Nigeria-MSNA-2021-November-2021.xlsx,form,03-23-2022,07-08-2025 16:29:31,high
NG002017,Shelleng,2,haus1257,Hausa,1,0.3480897997310519,0.7917,REACH NGA Dataset and Analysis North East Nigeria MSNA 2021 November 2021,https://repository.impact-initiatives.org/document/impact/0a02ead7/REACH-NGA-Dataset-and-Analysis-North-East-Nigeria-MSNA-2021-November-2021.xlsx,form,03-23-2022,07-08-2025 16:29:31,high
NG002017,Shelleng,2,baca1246,Bacama,10,0.003781929753407696,0.7917,REACH NGA Dataset and Analysis North East Nigeria MSNA 2021 November 2021,https://repository.impact-initiatives.org/document/impact/0a02ead7/REACH-NGA-Dataset-and-Analysis-North-East-Nigeria-MSNA-2021-November-2021.xlsx,form,03-23-2022,07-08-2025 16:29:31,high
NG002017,Shelleng,2,lala1261,Lala-Roba,4,0.07180259052660276,0.7917,REACH NGA Dataset and Analysis North East Nigeria MSNA 2021 November 2021,https://repository.impact-initiatives.org/document/impact/0a02ead7/REACH-NGA-Dataset-and-Analysis-North-East-Nigeria-MSNA-2021-November-2021.xlsx,form,03-23-2022,07-08-2025 16:29:31,high
NG002017,Shelleng,2,lamu1253,Lamunkhin,7,0.030228400633189836,0.7917,REACH NGA Dataset and Analysis North East Nigeria MSNA 2021 November 2021,https://repository.impact-initiatives.org/document/impact/0a02ead7/REACH-NGA-Dataset-and-Analysis-North-East-Nigeria-MSNA-2021-November-2021.xlsx,form,03-23-2022,07-08-2025 16:29:31,high
NG002017,Shelleng,2,juku1259,Jukun,9,0.006081540088961098,0.7917,REACH NGA Dataset and Analysis North East Nigeria MSNA 2021 November 2021,https://repository.impact-initiatives.org/document/impact/0a02ead7/REACH-NGA-Dataset-and-Analysis-North-East-Nigeria-MSNA-2021-November-2021.xlsx,form,03-23-2022,07-08-2025 16:29:31,high
NG002017,Shelleng,2,fula1265,Eastern Fula,3,0.1270492174098639,0.7917,REACH NGA Dataset and Analysis North East Nigeria MSNA 2021 November 2021,https://repository.impact-initiatives.org/document/impact/0a02ead7/REACH-NGA-Dataset-and-Analysis-North-East-Nigeria-MSNA-2021-November-2021.xlsx,form,03-23-2022,07-08-2025 16:29:31,high
NG008005,Biu,2,bura1272,Bura,1,0.6826208361713063,0.7917,REACH NGA Dataset and Analysis North East Nigeria MSNA 2021 November 2021,https://repository.impact-initiatives.org/document/impact/0a02ead7/REACH-NGA-Dataset-and-Analysis-North-East-Nigeria-MSNA-2021-November-2021.xlsx,form,03-23-2022,07-08-2025 16:29:31,high
NG008005,Biu,2,haus1257,Hausa,2,0.2476191518292938,0.7917,REACH NGA Dataset and Analysis North East Nigeria MSNA 2021 November 2021,https://repository.impact-initiatives.org/document/impact/0a02ead7/REACH-NGA-Dataset-and-Analysis-North-East-Nigeria-MSNA-2021-November-2021.xlsx,form,03-23-2022,07-08-2025 16:29:31,high
NG008005,Biu,2,long1389,Longuda,7,0.007410797492912245,0.7917,REACH NGA Dataset and Analysis North East Nigeria MSNA 2021 November 2021,https://repository.impact-initiatives.org/document/impact/0a02ead7/REACH-NGA-Dataset-and-Analysis-North-East-Nigeria-MSNA-2021-November-2021.xlsx,form,03-23-2022,07-08-2025 16:29:31,high
NG008005,Biu,2,kilb1234,Kilba-South Margi,7,0.007410797492912245,0.7917,REACH NGA Dataset and Analysis North East Nigeria MSNA 2021 November 2021,https://repository.impact-initiatives.org/document/impact/0a02ead7/REACH-NGA-Dataset-and-Analysis-North-East-Nigeria-MSNA-2021-November-2021.xlsx,form,03-23-2022,07-08-2025 16:29:31,high
NG008005,Biu,2,fula1265,Eastern Fula,4,0.019037466159478898,0.7917,REACH NGA Dataset and Analysis North East Nigeria MSNA 2021 November 2021,https://repository.impact-initiatives.org/document/impact/0a02ead7/REACH-NGA-Dataset-and-Analysis-North-East-Nigeria-MSNA-2021-November-2021.xlsx,form,03-23-2022,07-08-2025 16:29:31,high
NG008005,Biu,2,cent2050,Central Kanuri,3,0.020058411013875465,0.7917,REACH NGA Dataset and Analysis North East Nigeria MSNA 2021 November 2021,https://repository.impact-initiatives.org/document/impact/0a02ead7/REACH-NGA-Dataset-and-Analysis-North-East-Nigeria-MSNA-2021-November-2021.xlsx,form,03-23-2022,07-08-2025 16:29:31,high
NG008005,Biu,2,bium1270,Marghic,5,0.01584253984022106,0.7917,REACH NGA Dataset and Analysis North East Nigeria MSNA 2021 November 2021,https://repository.impact-initiatives.org/document/impact/0a02ead7/REACH-NGA-Dataset-and-Analysis-North-East-Nigeria-MSNA-2021-November-2021.xlsx,form,03-23-2022,07-08-2025 16:29:31,high
NG036002,Bursari,2,bura1272,Bura,5,0.008145806068046433,0.7917,REACH NGA Dataset and Analysis North East Nigeria MSNA 2021 November 2021,https://repository.impact-initiatives.org/document/impact/0a02ead7/REACH-NGA-Dataset-and-Analysis-North-East-Nigeria-MSNA-2021-November-2021.xlsx,form,03-23-2022,07-08-2025 16:29:31,high
NG036002,Bursari,2,haus1257,Hausa,2,0.34466783366230924,0.7917,REACH NGA Dataset and Analysis North East Nigeria MSNA 2021 November 2021,https://repository.impact-initiatives.org/document/impact/0a02ead7/REACH-NGA-Dataset-and-Analysis-North-East-Nigeria-MSNA-2021-November-2021.xlsx,form,03-23-2022,07-08-2025 16:29:31,high
NG036002,Bursari,2,Unknown,Unknown,5,0.008145806068046433,0.7917,REACH NGA Dataset and Analysis North East Nigeria MSNA 2021 November 2021,https://repository.impact-initiatives.org/document/impact/0a02ead7/REACH-NGA-Dataset-and-Analysis-North-East-Nigeria-MSNA-2021-November-2021.xlsx,form,03-23-2022,07-08-2025 16:29:31,high
NG036002,Bursari,2,fula1265,Eastern Fula,3,0.21504273101246799,0.7917,REACH NGA Dataset and Analysis North East Nigeria MSNA 2021 November 2021,https://repository.impact-initiatives.org/document/impact/0a02ead7/REACH-NGA-Dataset-and-Analysis-North-East-Nigeria-MSNA-2021-November-2021.xlsx,form,03-23-2022,07-08-2025 16:29:31,high
NG036002,Bursari,2,cent2050,Central Kanuri,1,0.4158520171210835,0.7917,REACH NGA Dataset and Analysis North East Nigeria MSNA 2021 November 2021,https://repository.impact-initiatives.org/document/impact/0a02ead7/REACH-NGA-Dataset-and-Analysis-North-East-Nigeria-MSNA-2021-November-2021.xlsx,form,03-23-2022,07-08-2025 16:29:31,high
NG036002,Bursari,2,bium1270,Marghic,5,0.008145806068046433,0.7917,REACH NGA Dataset and Analysis North East Nigeria MSNA 2021 November 2021,https://repository.impact-initiatives.org/document/impact/0a02ead7/REACH-NGA-Dataset-and-Analysis-North-East-Nigeria-MSNA-2021-November-2021.xlsx,form,03-23-2022,07-08-2025 16:29:31,high
NG036004,Fika,2,bura1272,Bura,6,0.013679388801874727,0.7917,REACH NGA Dataset and Analysis North East Nigeria MSNA 2021 November 2021,https://repository.impact-initiatives.org/document/impact/0a02ead7/REACH-NGA-Dataset-and-Analysis-North-East-Nigeria-MSNA-2021-November-2021.xlsx,form,03-23-2022,07-08-2025 16:29:31,high
NG036004,Fika,2,kare1348,Karekare,3,0.04642145628018247,0.7917,REACH NGA Dataset and Analysis North East Nigeria MSNA 2021 November 2021,https://repository.impact-initiatives.org/document/impact/0a02ead7/REACH-NGA-Dataset-and-Analysis-North-East-Nigeria-MSNA-2021-November-2021.xlsx,form,03-23-2022,07-08-2025 16:29:31,high
NG036004,Fika,2,ngam1282,Ngamo,6,0.013679388801874727,0.7917,REACH NGA Dataset and Analysis North East Nigeria MSNA 2021 November 2021,https://repository.impact-initiatives.org/document/impact/0a02ead7/REACH-NGA-Dataset-and-Analysis-North-East-Nigeria-MSNA-2021-November-2021.xlsx,form,03-23-2022,07-08-2025 16:29:31,high
NG036004,Fika,2,haus1257,Hausa,1,0.5887336986116742,0.7917,REACH NGA Dataset and Analysis North East Nigeria MSNA 2021 November 2021,https://repository.impact-initiatives.org/document/impact/0a02ead7/REACH-NGA-Dataset-and-Analysis-North-East-Nigeria-MSNA-2021-November-2021.xlsx,form,03-23-2022,07-08-2025 16:29:31,high
NG036004,Fika,2,nucl1695,Bole,2,0.2933876556789695,0.7917,REACH NGA Dataset and Analysis North East Nigeria MSNA 2021 November 2021,https://repository.impact-initiatives.org/document/impact/0a02ead7/REACH-NGA-Dataset-and-Analysis-North-East-Nigeria-MSNA-2021-November-2021.xlsx,form,03-23-2022,07-08-2025 16:29:31,high
NG036004,Fika,2,fula1265,Eastern Fula,4,0.0440984118254243,0.7917,REACH NGA Dataset and Analysis North East Nigeria MSNA 2021 November 2021,https://repository.impact-initiatives.org/document/impact/0a02ead7/REACH-NGA-Dataset-and-Analysis-North-East-Nigeria-MSNA-2021-November-2021.xlsx,form,03-23-2022,07-08-2025 16:29:31,high
NG002021,Yola South,2,bura1272,Bura,7,0.010685584291696302,0.7917,REACH NGA Dataset and Analysis North East Nigeria MSNA 2021 November 2021,https://repository.impact-initiatives.org/document/impact/0a02ead7/REACH-NGA-Dataset-and-Analysis-North-East-Nigeria-MSNA-2021-November-2021.xlsx,form,03-23-2022,07-08-2025 16:29:31,high
NG002021,Yola South,2,lama1288,Lamang,13,0.0010279422955593825,0.7917,REACH NGA Dataset and Analysis North East Nigeria MSNA 2021 November 2021,https://repository.impact-initiatives.org/document/impact/0a02ead7/REACH-NGA-Dataset-and-Analysis-North-East-Nigeria-MSNA-2021-November-2021.xlsx,form,03-23-2022,07-08-2025 16:29:31,high
NG002021,Yola South,2,kamw1239,Kamwe,10,0.003083826886678147,0.7917,REACH NGA Dataset and Analysis North East Nigeria MSNA 2021 November 2021,https://repository.impact-initiatives.org/document/impact/0a02ead7/REACH-NGA-Dataset-and-Analysis-North-East-Nigeria-MSNA-2021-November-2021.xlsx,form,03-23-2022,07-08-2025 16:29:31,high
NG002021,Yola South,2,kare1348,Karekare,9,0.00965764199613692,0.7917,REACH NGA Dataset and Analysis North East Nigeria MSNA 2021 November 2021,https://repository.impact-initiatives.org/document/impact/0a02ead7/REACH-NGA-Dataset-and-Analysis-North-East-Nigeria-MSNA-2021-November-2021.xlsx,form,03-23-2022,07-08-2025 16:29:31,high
NG002021,Yola South,2,haus1257,Hausa,1,0.43605307136842963,0.7917,REACH NGA Dataset and Analysis North East Nigeria MSNA 2021 November 2021,https://repository.impact-initiatives.org/document/impact/0a02ead7/REACH-NGA-Dataset-and-Analysis-North-East-Nigeria-MSNA-2021-November-2021.xlsx,form,03-23-2022,07-08-2025 16:29:31,high
NG002021,Yola South,2,stan1293,English,3,0.0482882099806846,0.7917,REACH NGA Dataset and Analysis North East Nigeria MSNA 2021 November 2021,https://repository.impact-initiatives.org/document/impact/0a02ead7/REACH-NGA-Dataset-and-Analysis-North-East-Nigeria-MSNA-2021-November-2021.xlsx,form,03-23-2022,07-08-2025 16:29:31,high
NG002021,Yola South,2,baca1246,Bacama,9,0.00965764199613692,0.7917,REACH NGA Dataset and Analysis North East Nigeria MSNA 2021 November 2021,https://repository.impact-initiatives.org/document/impact/0a02ead7/REACH-NGA-Dataset-and-Analysis-North-East-Nigeria-MSNA-2021-November-2021.xlsx,form,03-23-2022,07-08-2025 16:29:31,high
NG002021,Yola South,2,kilb1234,Kilba-South Margi,6,0.02897292598841076,0.7917,REACH NGA Dataset and Analysis North East Nigeria MSNA 2021 November 2021,https://repository.impact-initiatives.org/document/impact/0a02ead7/REACH-NGA-Dataset-and-Analysis-North-East-Nigeria-MSNA-2021-November-2021.xlsx,form,03-23-2022,07-08-2025 16:29:31,high
NG002021,Yola South,2,cham1337,Chamba Donga,5,0.030000868283970143,0.7917,REACH NGA Dataset and Analysis North East Nigeria MSNA 2021 November 2021,https://repository.impact-initiatives.org/document/impact/0a02ead7/REACH-NGA-Dataset-and-Analysis-North-East-Nigeria-MSNA-2021-November-2021.xlsx,form,03-23-2022,07-08-2025 16:29:31,high
NG002021,Yola South,2,fula1265,Eastern Fula,2,0.38743170715053016,0.7917,REACH NGA Dataset and Analysis North East Nigeria MSNA 2021 November 2021,https://repository.impact-initiatives.org/document/impact/0a02ead7/REACH-NGA-Dataset-and-Analysis-North-East-Nigeria-MSNA-2021-November-2021.xlsx,form,03-23-2022,07-08-2025 16:29:31,high
NG002021,Yola South,2,cent2050,Central Kanuri,11,0.002055884591118765,0.7917,REACH NGA Dataset and Analysis North East Nigeria MSNA 2021 November 2021,https://repository.impact-initiatives.org/document/impact/0a02ead7/REACH-NGA-Dataset-and-Analysis-North-East-Nigeria-MSNA-2021-November-2021.xlsx,form,03-23-2022,07-08-2025 16:29:31,high
NG002021,Yola South,2,bium1270,Marghic,4,0.032056752875088905,0.7917,REACH NGA Dataset and Analysis North East Nigeria MSNA 2021 November 2021,https://repository.impact-initiatives.org/document/impact/0a02ead7/REACH-NGA-Dataset-and-Analysis-North-East-Nigeria-MSNA-2021-November-2021.xlsx,form,03-23-2022,07-08-2025 16:29:31,high
NG002021,Yola South,2,wand1278,Wandala,13,0.0010279422955593825,0.7917,REACH NGA Dataset and Analysis North East Nigeria MSNA 2021 November 2021,https://repository.impact-initiatives.org/document/impact/0a02ead7/REACH-NGA-Dataset-and-Analysis-North-East-Nigeria-MSNA-2021-November-2021.xlsx,form,03-23-2022,07-08-2025 16:29:31,high
NG008016,Konduga,2,bura1272,Bura,5,0.018571536534093852,0.7917,REACH NGA Dataset and Analysis North East Nigeria MSNA 2021 November 2021,https://repository.impact-initiatives.org/document/impact/0a02ead7/REACH-NGA-Dataset-and-Analysis-North-East-Nigeria-MSNA-2021-November-2021.xlsx,form,03-23-2022,07-08-2025 16:29:31,high
NG008016,Konduga,2,ciba1236,Cibak,9,0.011730816809811617,0.7917,REACH NGA Dataset and Analysis North East Nigeria MSNA 2021 November 2021,https://repository.impact-initiatives.org/document/impact/0a02ead7/REACH-NGA-Dataset-and-Analysis-North-East-Nigeria-MSNA-2021-November-2021.xlsx,form,03-23-2022,07-08-2025 16:29:31,high
NG008016,Konduga,2,mafa1239,Mafa,6,0.017132180743623025,0.7917,REACH NGA Dataset and Analysis North East Nigeria MSNA 2021 November 2021,https://repository.impact-initiatives.org/document/impact/0a02ead7/REACH-NGA-Dataset-and-Analysis-North-East-Nigeria-MSNA-2021-November-2021.xlsx,form,03-23-2022,07-08-2025 16:29:31,high
NG008016,Konduga,2,haus1257,Hausa,2,0.2556259529603794,0.7917,REACH NGA Dataset and Analysis North East Nigeria MSNA 2021 November 2021,https://repository.impact-initiatives.org/document/impact/0a02ead7/REACH-NGA-Dataset-and-Analysis-North-East-Nigeria-MSNA-2021-November-2021.xlsx,form,03-23-2022,07-08-2025 16:29:31,high
NG008016,Konduga,2,stan1293,English,9,0.011730816809811617,0.7917,REACH NGA Dataset and Analysis North East Nigeria MSNA 2021 November 2021,https://repository.impact-initiatives.org/document/impact/0a02ead7/REACH-NGA-Dataset-and-Analysis-North-East-Nigeria-MSNA-2021-November-2021.xlsx,form,03-23-2022,07-08-2025 16:29:31,high
NG008016,Konduga,2,haus1246,Hausa Sign Language,10,0.004050529318780622,0.7917,REACH NGA Dataset and Analysis North East Nigeria MSNA 2021 November 2021,https://repository.impact-initiatives.org/document/impact/0a02ead7/REACH-NGA-Dataset-and-Analysis-North-East-Nigeria-MSNA-2021-November-2021.xlsx,form,03-23-2022,07-08-2025 16:29:31,high
NG008016,Konduga,2,fula1265,Eastern Fula,3,0.0919883820678036,0.7917,REACH NGA Dataset and Analysis North East Nigeria MSNA 2021 November 2021,https://repository.impact-initiatives.org/document/impact/0a02ead7/REACH-NGA-Dataset-and-Analysis-North-East-Nigeria-MSNA-2021-November-2021.xlsx,form,03-23-2022,07-08-2025 16:29:31,high
NG008016,Konduga,2,cent2050,Central Kanuri,1,0.5152416723737046,0.7917,REACH NGA Dataset and Analysis North East Nigeria MSNA 2021 November 2021,https://repository.impact-initiatives.org/document/impact/0a02ead7/REACH-NGA-Dataset-and-Analysis-North-East-Nigeria-MSNA-2021-November-2021.xlsx,form,03-23-2022,07-08-2025 16:29:31,high
NG008016,Konduga,2,bium1270,Marghic,11,0.0009300634685005376,0.7917,REACH NGA Dataset and Analysis North East Nigeria MSNA 2021 November 2021,https://repository.impact-initiatives.org/document/impact/0a02ead7/REACH-NGA-Dataset-and-Analysis-North-East-Nigeria-MSNA-2021-November-2021.xlsx,form,03-23-2022,07-08-2025 16:29:31,high
NG008016,Konduga,2,wand1278,Wandala,7,0.01620211727512249,0.7917,REACH NGA Dataset and Analysis North East Nigeria MSNA 2021 November 2021,https://repository.impact-initiatives.org/document/impact/0a02ead7/REACH-NGA-Dataset-and-Analysis-North-East-Nigeria-MSNA-2021-November-2021.xlsx,form,03-23-2022,07-08-2025 16:29:31,high
NG008016,Konduga,2,chad1249,Chadian Arabic,4,0.05679593163836875,0.7917,REACH NGA Dataset and Analysis North East Nigeria MSNA 2021 November 2021,https://repository.impact-initiatives.org/document/impact/0a02ead7/REACH-NGA-Dataset-and-Analysis-North-East-Nigeria-MSNA-2021-November-2021.xlsx,form,03-23-2022,07-08-2025 16:29:31,high
NG008019,Mafa,2,mafa1239,Mafa,6,0.011970934722781212,0.7917,REACH NGA Dataset and Analysis North East Nigeria MSNA 2021 November 2021,https://repository.impact-initiatives.org/document/impact/0a02ead7/REACH-NGA-Dataset-and-Analysis-North-East-Nigeria-MSNA-2021-November-2021.xlsx,form,03-23-2022,07-08-2025 16:29:31,high
NG008019,Mafa,2,haus1257,Hausa,2,0.11184584090241598,0.7917,REACH NGA Dataset and Analysis North East Nigeria MSNA 2021 November 2021,https://repository.impact-initiatives.org/document/impact/0a02ead7/REACH-NGA-Dataset-and-Analysis-North-East-Nigeria-MSNA-2021-November-2021.xlsx,form,03-23-2022,07-08-2025 16:29:31,high
NG008019,Mafa,2,koka1244,Kokata,6,0.011970934722781212,0.7917,REACH NGA Dataset and Analysis North East Nigeria MSNA 2021 November 2021,https://repository.impact-initiatives.org/document/impact/0a02ead7/REACH-NGA-Dataset-and-Analysis-North-East-Nigeria-MSNA-2021-November-2021.xlsx,form,03-23-2022,07-08-2025 16:29:31,high
NG008019,Mafa,2,fula1265,Eastern Fula,4,0.030196560463826124,0.7917,REACH NGA Dataset and Analysis North East Nigeria MSNA 2021 November 2021,https://repository.impact-initiatives.org/document/impact/0a02ead7/REACH-NGA-Dataset-and-Analysis-North-East-Nigeria-MSNA-2021-November-2021.xlsx,form,03-23-2022,07-08-2025 16:29:31,high
NG008019,Mafa,2,cent2050,Central Kanuri,1,0.7257388693694183,0.7917,REACH NGA Dataset and Analysis North East Nigeria MSNA 2021 November 2021,https://repository.impact-initiatives.org/document/impact/0a02ead7/REACH-NGA-Dataset-and-Analysis-North-East-Nigeria-MSNA-2021-November-2021.xlsx,form,03-23-2022,07-08-2025 16:29:31,high
NG008019,Mafa,2,chad1249,Chadian Arabic,3,0.1082768598187771,0.7917,REACH NGA Dataset and Analysis North East Nigeria MSNA 2021 November 2021,https://repository.impact-initiatives.org/document/impact/0a02ead7/REACH-NGA-Dataset-and-Analysis-North-East-Nigeria-MSNA-2021-November-2021.xlsx,form,03-23-2022,07-08-2025 16:29:31,high
NG008002,Askira/Uba,2,ciba1236,Cibak,4,0.05861354948796317,0.7917,REACH NGA Dataset and Analysis North East Nigeria MSNA 2021 November 2021,https://repository.impact-initiatives.org/document/impact/0a02ead7/REACH-NGA-Dataset-and-Analysis-North-East-Nigeria-MSNA-2021-November-2021.xlsx,form,03-23-2022,07-08-2025 16:29:31,high
NG008002,Askira/Uba,2,kamw1239,Kamwe,6,0.03492458071377103,0.7917,REACH NGA Dataset and Analysis North East Nigeria MSNA 2021 November 2021,https://repository.impact-initiatives.org/document/impact/0a02ead7/REACH-NGA-Dataset-and-Analysis-North-East-Nigeria-MSNA-2021-November-2021.xlsx,form,03-23-2022,07-08-2025 16:29:31,high
NG008002,Askira/Uba,2,mafa1239,Mafa,5,0.03658806417135221,0.7917,REACH NGA Dataset and Analysis North East Nigeria MSNA 2021 November 2021,https://repository.impact-initiatives.org/document/impact/0a02ead7/REACH-NGA-Dataset-and-Analysis-North-East-Nigeria-MSNA-2021-November-2021.xlsx,form,03-23-2022,07-08-2025 16:29:31,high
NG008002,Askira/Uba,2,haus1257,Hausa,2,0.26799977498774474,0.7917,REACH NGA Dataset and Analysis North East Nigeria MSNA 2021 November 2021,https://repository.impact-initiatives.org/document/impact/0a02ead7/REACH-NGA-Dataset-and-Analysis-North-East-Nigeria-MSNA-2021-November-2021.xlsx,form,03-23-2022,07-08-2025 16:29:31,high
NG008002,Askira/Uba,2,stan1293,English,9,0.0038428878715715685,0.7917,REACH NGA Dataset and Analysis North East Nigeria MSNA 2021 November 2021,https://repository.impact-initiatives.org/document/impact/0a02ead7/REACH-NGA-Dataset-and-Analysis-North-East-Nigeria-MSNA-2021-November-2021.xlsx,form,03-23-2022,07-08-2025 16:29:31,high
NG008002,Askira/Uba,2,fula1265,Eastern Fula,3,0.10994152360083892,0.7917,REACH NGA Dataset and Analysis North East Nigeria MSNA 2021 November 2021,https://repository.impact-initiatives.org/document/impact/0a02ead7/REACH-NGA-Dataset-and-Analysis-North-East-Nigeria-MSNA-2021-November-2021.xlsx,form,03-23-2022,07-08-2025 16:29:31,high
NG008002,Askira/Uba,2,cent2050,Central Kanuri,7,0.031081692842199464,0.7917,REACH NGA Dataset and Analysis North East Nigeria MSNA 2021 November 2021,https://repository.impact-initiatives.org/document/impact/0a02ead7/REACH-NGA-Dataset-and-Analysis-North-East-Nigeria-MSNA-2021-November-2021.xlsx,form,03-23-2022,07-08-2025 16:29:31,high
NG008002,Askira/Uba,2,Unknown,Unknown,9,0.0038428878715715685,0.7917,REACH NGA Dataset and Analysis North East Nigeria MSNA 2021 November 2021,https://repository.impact-initiatives.org/document/impact/0a02ead7/REACH-NGA-Dataset-and-Analysis-North-East-Nigeria-MSNA-2021-November-2021.xlsx,form,03-23-2022,07-08-2025 16:29:31,high
NG008002,Askira/Uba,2,bium1270,Marghic,1,0.4531650384529873,0.7917,REACH NGA Dataset and Analysis North East Nigeria MSNA 2021 November 2021,https://repository.impact-initiatives.org/document/impact/0a02ead7/REACH-NGA-Dataset-and-Analysis-North-East-Nigeria-MSNA-2021-November-2021.xlsx,form,03-23-2022,07-08-2025 16:29:31,high
NG036013,Nguru,2,bura1272,Bura,4,0.0041202151122390444,0.7917,REACH NGA Dataset and Analysis North East Nigeria MSNA 2021 November 2021,https://repository.impact-initiatives.org/document/impact/0a02ead7/REACH-NGA-Dataset-and-Analysis-North-East-Nigeria-MSNA-2021-November-2021.xlsx,form,03-23-2022,07-08-2025 16:29:31,high
NG036013,Nguru,2,haus1257,Hausa,1,0.7306903963434372,0.7917,REACH NGA Dataset and Analysis North East Nigeria MSNA 2021 November 2021,https://repository.impact-initiatives.org/document/impact/0a02ead7/REACH-NGA-Dataset-and-Analysis-North-East-Nigeria-MSNA-2021-November-2021.xlsx,form,03-23-2022,07-08-2025 16:29:31,high
NG036013,Nguru,2,fula1265,Eastern Fula,3,0.10066823339505293,0.7917,REACH NGA Dataset and Analysis North East Nigeria MSNA 2021 November 2021,https://repository.impact-initiatives.org/document/impact/0a02ead7/REACH-NGA-Dataset-and-Analysis-North-East-Nigeria-MSNA-2021-November-2021.xlsx,form,03-23-2022,07-08-2025 16:29:31,high
NG036013,Nguru,2,cent2050,Central Kanuri,2,0.1645211551492708,0.7917,REACH NGA Dataset and Analysis North East Nigeria MSNA 2021 November 2021,https://repository.impact-initiatives.org/document/impact/0a02ead7/REACH-NGA-Dataset-and-Analysis-North-East-Nigeria-MSNA-2021-November-2021.xlsx,form,03-23-2022,07-08-2025 16:29:31,high
NG002016,Numan,2,bero1242,Berom,9,0.011617900678662455,0.7917,REACH NGA Dataset and Analysis North East Nigeria MSNA 2021 November 2021,https://repository.impact-initiatives.org/document/impact/0a02ead7/REACH-NGA-Dataset-and-Analysis-North-East-Nigeria-MSNA-2021-November-2021.xlsx,form,03-23-2022,07-08-2025 16:29:31,high
NG002016,Numan,2,bura1272,Bura,5,0.02805677691252729,0.7917,REACH NGA Dataset and Analysis North East Nigeria MSNA 2021 November 2021,https://repository.impact-initiatives.org/document/impact/0a02ead7/REACH-NGA-Dataset-and-Analysis-North-East-Nigeria-MSNA-2021-November-2021.xlsx,form,03-23-2022,07-08-2025 16:29:31,high
NG002016,Numan,2,waja1259,Waja,9,0.011617900678662455,0.7917,REACH NGA Dataset and Analysis North East Nigeria MSNA 2021 November 2021,https://repository.impact-initiatives.org/document/impact/0a02ead7/REACH-NGA-Dataset-and-Analysis-North-East-Nigeria-MSNA-2021-November-2021.xlsx,form,03-23-2022,07-08-2025 16:29:31,high
NG002016,Numan,2,dera1248,Dera (Nigeria),16,0.005808950339331227,0.7917,REACH NGA Dataset and Analysis North East Nigeria MSNA 2021 November 2021,https://repository.impact-initiatives.org/document/impact/0a02ead7/REACH-NGA-Dataset-and-Analysis-North-East-Nigeria-MSNA-2021-November-2021.xlsx,form,03-23-2022,07-08-2025 16:29:31,high
NG002016,Numan,2,haus1257,Hausa,2,0.28213423895077794,0.7917,REACH NGA Dataset and Analysis North East Nigeria MSNA 2021 November 2021,https://repository.impact-initiatives.org/document/impact/0a02ead7/REACH-NGA-Dataset-and-Analysis-North-East-Nigeria-MSNA-2021-November-2021.xlsx,form,03-23-2022,07-08-2025 16:29:31,high
NG002016,Numan,2,nort2975,Northwest Jujuy,16,0.005808950339331227,0.7917,REACH NGA Dataset and Analysis North East Nigeria MSNA 2021 November 2021,https://repository.impact-initiatives.org/document/impact/0a02ead7/REACH-NGA-Dataset-and-Analysis-North-East-Nigeria-MSNA-2021-November-2021.xlsx,form,03-23-2022,07-08-2025 16:29:31,high
NG002016,Numan,2,baca1246,Bacama,1,0.4620602758890178,0.7917,REACH NGA Dataset and Analysis North East Nigeria MSNA 2021 November 2021,https://repository.impact-initiatives.org/document/impact/0a02ead7/REACH-NGA-Dataset-and-Analysis-North-East-Nigeria-MSNA-2021-November-2021.xlsx,form,03-23-2022,07-08-2025 16:29:31,high
NG002016,Numan,2,mbul1260,Mbula-Bwazza,3,0.061182455826561045,0.7917,REACH NGA Dataset and Analysis North East Nigeria MSNA 2021 November 2021,https://repository.impact-initiatives.org/document/impact/0a02ead7/REACH-NGA-Dataset-and-Analysis-North-East-Nigeria-MSNA-2021-November-2021.xlsx,form,03-23-2022,07-08-2025 16:29:31,high
NG002016,Numan,2,nucl1417,Igbo,21,0.004903617703970409,0.7917,REACH NGA Dataset and Analysis North East Nigeria MSNA 2021 November 2021,https://repository.impact-initiatives.org/document/impact/0a02ead7/REACH-NGA-Dataset-and-Analysis-North-East-Nigeria-MSNA-2021-November-2021.xlsx,form,03-23-2022,07-08-2025 16:29:31,high
NG002016,Numan,2,dzaa1238,Dza,16,0.005808950339331227,0.7917,REACH NGA Dataset and Analysis North East Nigeria MSNA 2021 November 2021,https://repository.impact-initiatives.org/document/impact/0a02ead7/REACH-NGA-Dataset-and-Analysis-North-East-Nigeria-MSNA-2021-November-2021.xlsx,form,03-23-2022,07-08-2025 16:29:31,high
NG002016,Numan,2,long1389,Longuda,7,0.017426851017993683,0.7917,REACH NGA Dataset and Analysis North East Nigeria MSNA 2021 November 2021,https://repository.impact-initiatives.org/document/impact/0a02ead7/REACH-NGA-Dataset-and-Analysis-North-East-Nigeria-MSNA-2021-November-2021.xlsx,form,03-23-2022,07-08-2025 16:29:31,high
NG002016,Numan,2,tula1252,Tula,16,0.005808950339331227,0.7917,REACH NGA Dataset and Analysis North East Nigeria MSNA 2021 November 2021,https://repository.impact-initiatives.org/document/impact/0a02ead7/REACH-NGA-Dataset-and-Analysis-North-East-Nigeria-MSNA-2021-November-2021.xlsx,form,03-23-2022,07-08-2025 16:29:31,high
NG002016,Numan,2,juku1259,Jukun,16,0.005808950339331227,0.7917,REACH NGA Dataset and Analysis North East Nigeria MSNA 2021 November 2021,https://repository.impact-initiatives.org/document/impact/0a02ead7/REACH-NGA-Dataset-and-Analysis-North-East-Nigeria-MSNA-2021-November-2021.xlsx,form,03-23-2022,07-08-2025 16:29:31,high
NG002016,Numan,2,bali1245,Bali (Nigeria),9,0.011617900678662455,0.7917,REACH NGA Dataset and Analysis North East Nigeria MSNA 2021 November 2021,https://repository.impact-initiatives.org/document/impact/0a02ead7/REACH-NGA-Dataset-and-Analysis-North-East-Nigeria-MSNA-2021-November-2021.xlsx,form,03-23-2022,07-08-2025 16:29:31,high
NG002016,Numan,2,cham1337,Chamba Donga,16,0.005808950339331227,0.7917,REACH NGA Dataset and Analysis North East Nigeria MSNA 2021 November 2021,https://repository.impact-initiatives.org/document/impact/0a02ead7/REACH-NGA-Dataset-and-Analysis-North-East-Nigeria-MSNA-2021-November-2021.xlsx,form,03-23-2022,07-08-2025 16:29:31,high
NG002016,Numan,2,fula1265,Eastern Fula,6,0.02323580135732491,0.7917,REACH NGA Dataset and Analysis North East Nigeria MSNA 2021 November 2021,https://repository.impact-initiatives.org/document/impact/0a02ead7/REACH-NGA-Dataset-and-Analysis-North-East-Nigeria-MSNA-2021-November-2021.xlsx,form,03-23-2022,07-08-2025 16:29:31,high
NG002016,Numan,2,yend1241,Yendang,16,0.005808950339331227,0.7917,REACH NGA Dataset and Analysis North East Nigeria MSNA 2021 November 2021,https://repository.impact-initiatives.org/document/impact/0a02ead7/REACH-NGA-Dataset-and-Analysis-North-East-Nigeria-MSNA-2021-November-2021.xlsx,form,03-23-2022,07-08-2025 16:29:31,high
NG002016,Numan,2,cent2050,Central Kanuri,5,0.02805677691252729,0.7917,REACH NGA Dataset and Analysis North East Nigeria MSNA 2021 November 2021,https://repository.impact-initiatives.org/document/impact/0a02ead7/REACH-NGA-Dataset-and-Analysis-North-East-Nigeria-MSNA-2021-November-2021.xlsx,form,03-23-2022,07-08-2025 16:29:31,high
NG002016,Numan,2,kwaa1269,Kwaami,16,0.005808950339331227,0.7917,REACH NGA Dataset and Analysis North East Nigeria MSNA 2021 November 2021,https://repository.impact-initiatives.org/document/impact/0a02ead7/REACH-NGA-Dataset-and-Analysis-North-East-Nigeria-MSNA-2021-November-2021.xlsx,form,03-23-2022,07-08-2025 16:29:31,high
NG002016,Numan,2,mala1471,Mala (Nigeria),16,0.005808950339331227,0.7917,REACH NGA Dataset and Analysis North East Nigeria MSNA 2021 November 2021,https://repository.impact-initiatives.org/document/impact/0a02ead7/REACH-NGA-Dataset-and-Analysis-North-East-Nigeria-MSNA-2021-November-2021.xlsx,form,03-23-2022,07-08-2025 16:29:31,high
NG002016,Numan,2,kulu1255,Kulung (Nigeria),16,0.005808950339331227,0.7917,REACH NGA Dataset and Analysis North East Nigeria MSNA 2021 November 2021,https://repository.impact-initiatives.org/document/impact/0a02ead7/REACH-NGA-Dataset-and-Analysis-North-East-Nigeria-MSNA-2021-November-2021.xlsx,form,03-23-2022,07-08-2025 16:29:31,high
NG008004,Bayo,2,bura1272,Bura,3,0.08810985495663178,0.7917,REACH NGA Dataset and Analysis North East Nigeria MSNA 2021 November 2021,https://repository.impact-initiatives.org/document/impact/0a02ead7/REACH-NGA-Dataset-and-Analysis-North-East-Nigeria-MSNA-2021-November-2021.xlsx,form,03-23-2022,07-08-2025 16:29:31,high
NG008004,Bayo,2,haus1257,Hausa,1,0.668546560074781,0.7917,REACH NGA Dataset and Analysis North East Nigeria MSNA 2021 November 2021,https://repository.impact-initiatives.org/document/impact/0a02ead7/REACH-NGA-Dataset-and-Analysis-North-East-Nigeria-MSNA-2021-November-2021.xlsx,form,03-23-2022,07-08-2025 16:29:31,high
NG008004,Bayo,2,bate1261,Bateri,9,0.0034868450844541044,0.7917,REACH NGA Dataset and Analysis North East Nigeria MSNA 2021 November 2021,https://repository.impact-initiatives.org/document/impact/0a02ead7/REACH-NGA-Dataset-and-Analysis-North-East-Nigeria-MSNA-2021-November-2021.xlsx,form,03-23-2022,07-08-2025 16:29:31,high
NG008004,Bayo,2,stan1293,English,4,0.007624643390843624,0.7917,REACH NGA Dataset and Analysis North East Nigeria MSNA 2021 November 2021,https://repository.impact-initiatives.org/document/impact/0a02ead7/REACH-NGA-Dataset-and-Analysis-North-East-Nigeria-MSNA-2021-November-2021.xlsx,form,03-23-2022,07-08-2025 16:29:31,high
NG008004,Bayo,2,chav1241,Chavacano,7,0.006777681150510136,0.7917,REACH NGA Dataset and Analysis North East Nigeria MSNA 2021 November 2021,https://repository.impact-initiatives.org/document/impact/0a02ead7/REACH-NGA-Dataset-and-Analysis-North-East-Nigeria-MSNA-2021-November-2021.xlsx,form,03-23-2022,07-08-2025 16:29:31,high
NG008004,Bayo,2,bayo1256,Bayobiri,7,0.006777681150510136,0.7917,REACH NGA Dataset and Analysis North East Nigeria MSNA 2021 November 2021,https://repository.impact-initiatives.org/document/impact/0a02ead7/REACH-NGA-Dataset-and-Analysis-North-East-Nigeria-MSNA-2021-November-2021.xlsx,form,03-23-2022,07-08-2025 16:29:31,high
NG008004,Bayo,2,fula1265,Eastern Fula,2,0.205121371891249,0.7917,REACH NGA Dataset and Analysis North East Nigeria MSNA 2021 November 2021,https://repository.impact-initiatives.org/document/impact/0a02ead7/REACH-NGA-Dataset-and-Analysis-North-East-Nigeria-MSNA-2021-November-2021.xlsx,form,03-23-2022,07-08-2025 16:29:31,high
NG008004,Bayo,2,cent2050,Central Kanuri,7,0.006777681150510136,0.7917,REACH NGA Dataset and Analysis North East Nigeria MSNA 2021 November 2021,https://repository.impact-initiatives.org/document/impact/0a02ead7/REACH-NGA-Dataset-and-Analysis-North-East-Nigeria-MSNA-2021-November-2021.xlsx,form,03-23-2022,07-08-2025 16:29:31,high
NG008004,Bayo,2,Unknown,Unknown,7,0.006777681150510136,0.7917,REACH NGA Dataset and Analysis North East Nigeria MSNA 2021 November 2021,https://repository.impact-initiatives.org/document/impact/0a02ead7/REACH-NGA-Dataset-and-Analysis-North-East-Nigeria-MSNA-2021-November-2021.xlsx,form,03-23-2022,07-08-2025 16:29:31,high
NG002014,Mubi North,2,bura1272,Bura,8,0.015260635190389742,0.7917,REACH NGA Dataset and Analysis North East Nigeria MSNA 2021 November 2021,https://repository.impact-initiatives.org/document/impact/0a02ead7/REACH-NGA-Dataset-and-Analysis-North-East-Nigeria-MSNA-2021-November-2021.xlsx,form,03-23-2022,07-08-2025 16:29:31,high
NG002014,Mubi North,2,lama1288,Lamang,10,0.014247143932490075,0.7917,REACH NGA Dataset and Analysis North East Nigeria MSNA 2021 November 2021,https://repository.impact-initiatives.org/document/impact/0a02ead7/REACH-NGA-Dataset-and-Analysis-North-East-Nigeria-MSNA-2021-November-2021.xlsx,form,03-23-2022,07-08-2025 16:29:31,high
NG002014,Mubi North,2,kamw1239,Kamwe,6,0.045275159942219395,0.7917,REACH NGA Dataset and Analysis North East Nigeria MSNA 2021 November 2021,https://repository.impact-initiatives.org/document/impact/0a02ead7/REACH-NGA-Dataset-and-Analysis-North-East-Nigeria-MSNA-2021-November-2021.xlsx,form,03-23-2022,07-08-2025 16:29:31,high
NG002014,Mubi North,2,kare1348,Karekare,13,0.007630317595194871,0.7917,REACH NGA Dataset and Analysis North East Nigeria MSNA 2021 November 2021,https://repository.impact-initiatives.org/document/impact/0a02ead7/REACH-NGA-Dataset-and-Analysis-North-East-Nigeria-MSNA-2021-November-2021.xlsx,form,03-23-2022,07-08-2025 16:29:31,high
NG002014,Mubi North,2,dera1248,Dera (Nigeria),13,0.007630317595194871,0.7917,REACH NGA Dataset and Analysis North East Nigeria MSNA 2021 November 2021,https://repository.impact-initiatives.org/document/impact/0a02ead7/REACH-NGA-Dataset-and-Analysis-North-East-Nigeria-MSNA-2021-November-2021.xlsx,form,03-23-2022,07-08-2025 16:29:31,high
NG002014,Mubi North,2,haus1257,Hausa,2,0.32677576735055536,0.7917,REACH NGA Dataset and Analysis North East Nigeria MSNA 2021 November 2021,https://repository.impact-initiatives.org/document/impact/0a02ead7/REACH-NGA-Dataset-and-Analysis-North-East-Nigeria-MSNA-2021-November-2021.xlsx,form,03-23-2022,07-08-2025 16:29:31,high
NG002014,Mubi North,2,baca1246,Bacama,7,0.03214496437987853,0.7917,REACH NGA Dataset and Analysis North East Nigeria MSNA 2021 November 2021,https://repository.impact-initiatives.org/document/impact/0a02ead7/REACH-NGA-Dataset-and-Analysis-North-East-Nigeria-MSNA-2021-November-2021.xlsx,form,03-23-2022,07-08-2025 16:29:31,high
NG002014,Mubi North,2,fali1285,Fali,13,0.007630317595194871,0.7917,REACH NGA Dataset and Analysis North East Nigeria MSNA 2021 November 2021,https://repository.impact-initiatives.org/document/impact/0a02ead7/REACH-NGA-Dataset-and-Analysis-North-East-Nigeria-MSNA-2021-November-2021.xlsx,form,03-23-2022,07-08-2025 16:29:31,high
NG002014,Mubi North,2,kilb1234,Kilba-South Margi,5,0.0534122231663641,0.7917,REACH NGA Dataset and Analysis North East Nigeria MSNA 2021 November 2021,https://repository.impact-initiatives.org/document/impact/0a02ead7/REACH-NGA-Dataset-and-Analysis-North-East-Nigeria-MSNA-2021-November-2021.xlsx,form,03-23-2022,07-08-2025 16:29:31,high
NG002014,Mubi North,2,juku1259,Jukun,13,0.007630317595194871,0.7917,REACH NGA Dataset and Analysis North East Nigeria MSNA 2021 November 2021,https://repository.impact-initiatives.org/document/impact/0a02ead7/REACH-NGA-Dataset-and-Analysis-North-East-Nigeria-MSNA-2021-November-2021.xlsx,form,03-23-2022,07-08-2025 16:29:31,high
NG002014,Mubi North,2,cham1337,Chamba Donga,13,0.007630317595194871,0.7917,REACH NGA Dataset and Analysis North East Nigeria MSNA 2021 November 2021,https://repository.impact-initiatives.org/document/impact/0a02ead7/REACH-NGA-Dataset-and-Analysis-North-East-Nigeria-MSNA-2021-November-2021.xlsx,form,03-23-2022,07-08-2025 16:29:31,high
NG002014,Mubi North,2,fula1265,Eastern Fula,1,0.3373576681876734,0.7917,REACH NGA Dataset and Analysis North East Nigeria MSNA 2021 November 2021,https://repository.impact-initiatives.org/document/impact/0a02ead7/REACH-NGA-Dataset-and-Analysis-North-East-Nigeria-MSNA-2021-November-2021.xlsx,form,03-23-2022,07-08-2025 16:29:31,high
NG002014,Mubi North,2,cent2050,Central Kanuri,4,0.0569885757299603,0.7917,REACH NGA Dataset and Analysis North East Nigeria MSNA 2021 November 2021,https://repository.impact-initiatives.org/document/impact/0a02ead7/REACH-NGA-Dataset-and-Analysis-North-East-Nigeria-MSNA-2021-November-2021.xlsx,form,03-23-2022,07-08-2025 16:29:31,high
NG002014,Mubi North,2,bium1270,Marghic,3,0.062070598599932324,0.7917,REACH NGA Dataset and Analysis North East Nigeria MSNA 2021 November 2021,https://repository.impact-initiatives.org/document/impact/0a02ead7/REACH-NGA-Dataset-and-Analysis-North-East-Nigeria-MSNA-2021-November-2021.xlsx,form,03-23-2022,07-08-2025 16:29:31,high
NG002014,Mubi North,2,wand1278,Wandala,9,0.01475388956143991,0.7917,REACH NGA Dataset and Analysis North East Nigeria MSNA 2021 November 2021,https://repository.impact-initiatives.org/document/impact/0a02ead7/REACH-NGA-Dataset-and-Analysis-North-East-Nigeria-MSNA-2021-November-2021.xlsx,form,03-23-2022,07-08-2025 16:29:31,high
NG002014,Mubi North,2,Unknown,Unknown,16,0.0035617859831225188,0.7917,REACH NGA Dataset and Analysis North East Nigeria MSNA 2021 November 2021,https://repository.impact-initiatives.org/document/impact/0a02ead7/REACH-NGA-Dataset-and-Analysis-North-East-Nigeria-MSNA-2021-November-2021.xlsx,form,03-23-2022,07-08-2025 16:29:31,high
NG002011,Maiha,2,nzan1240,Nzanyi,4,0.014118045427726697,0.7917,REACH NGA Dataset and Analysis North East Nigeria MSNA 2021 November 2021,https://repository.impact-initiatives.org/document/impact/0a02ead7/REACH-NGA-Dataset-and-Analysis-North-East-Nigeria-MSNA-2021-November-2021.xlsx,form,03-23-2022,07-08-2025 16:29:31,high
NG002011,Maiha,2,haus1257,Hausa,2,0.2687594830765806,0.7917,REACH NGA Dataset and Analysis North East Nigeria MSNA 2021 November 2021,https://repository.impact-initiatives.org/document/impact/0a02ead7/REACH-NGA-Dataset-and-Analysis-North-East-Nigeria-MSNA-2021-November-2021.xlsx,form,03-23-2022,07-08-2025 16:29:31,high
NG002011,Maiha,2,stan1293,English,6,0.004706015142575566,0.7917,REACH NGA Dataset and Analysis North East Nigeria MSNA 2021 November 2021,https://repository.impact-initiatives.org/document/impact/0a02ead7/REACH-NGA-Dataset-and-Analysis-North-East-Nigeria-MSNA-2021-November-2021.xlsx,form,03-23-2022,07-08-2025 16:29:31,high
NG002011,Maiha,2,janj1240,Janji,5,0.009412030285151132,0.7917,REACH NGA Dataset and Analysis North East Nigeria MSNA 2021 November 2021,https://repository.impact-initiatives.org/document/impact/0a02ead7/REACH-NGA-Dataset-and-Analysis-North-East-Nigeria-MSNA-2021-November-2021.xlsx,form,03-23-2022,07-08-2025 16:29:31,high
NG002011,Maiha,2,fula1265,Eastern Fula,1,0.6556859646673237,0.7917,REACH NGA Dataset and Analysis North East Nigeria MSNA 2021 November 2021,https://repository.impact-initiatives.org/document/impact/0a02ead7/REACH-NGA-Dataset-and-Analysis-North-East-Nigeria-MSNA-2021-November-2021.xlsx,form,03-23-2022,07-08-2025 16:29:31,high
NG002011,Maiha,2,bium1270,Marghic,3,0.04731846140064233,0.7917,REACH NGA Dataset and Analysis North East Nigeria MSNA 2021 November 2021,https://repository.impact-initiatives.org/document/impact/0a02ead7/REACH-NGA-Dataset-and-Analysis-North-East-Nigeria-MSNA-2021-November-2021.xlsx,form,03-23-2022,07-08-2025 16:29:31,high
NG002020,Yola North,2,bura1272,Bura,6,0.031602117533021355,0.7917,REACH NGA Dataset and Analysis North East Nigeria MSNA 2021 November 2021,https://repository.impact-initiatives.org/document/impact/0a02ead7/REACH-NGA-Dataset-and-Analysis-North-East-Nigeria-MSNA-2021-November-2021.xlsx,form,03-23-2022,07-08-2025 16:29:31,high
NG002020,Yola North,2,kamw1239,Kamwe,7,0.020899089944149195,0.7917,REACH NGA Dataset and Analysis North East Nigeria MSNA 2021 November 2021,https://repository.impact-initiatives.org/document/impact/0a02ead7/REACH-NGA-Dataset-and-Analysis-North-East-Nigeria-MSNA-2021-November-2021.xlsx,form,03-23-2022,07-08-2025 16:29:31,high
NG002020,Yola North,2,haus1257,Hausa,1,0.46571575183016356,0.7917,REACH NGA Dataset and Analysis North East Nigeria MSNA 2021 November 2021,https://repository.impact-initiatives.org/document/impact/0a02ead7/REACH-NGA-Dataset-and-Analysis-North-East-Nigeria-MSNA-2021-November-2021.xlsx,form,03-23-2022,07-08-2025 16:29:31,high
NG002020,Yola North,2,stan1293,English,3,0.08216550558585553,0.7917,REACH NGA Dataset and Analysis North East Nigeria MSNA 2021 November 2021,https://repository.impact-initiatives.org/document/impact/0a02ead7/REACH-NGA-Dataset-and-Analysis-North-East-Nigeria-MSNA-2021-November-2021.xlsx,form,03-23-2022,07-08-2025 16:29:31,high
NG002020,Yola North,2,baca1246,Bacama,9,0.018961270519812813,0.7917,REACH NGA Dataset and Analysis North East Nigeria MSNA 2021 November 2021,https://repository.impact-initiatives.org/document/impact/0a02ead7/REACH-NGA-Dataset-and-Analysis-North-East-Nigeria-MSNA-2021-November-2021.xlsx,form,03-23-2022,07-08-2025 16:29:31,high
NG002020,Yola North,2,gaan1243,Ga'anda,14,0.006320423506604271,0.7917,REACH NGA Dataset and Analysis North East Nigeria MSNA 2021 November 2021,https://repository.impact-initiatives.org/document/impact/0a02ead7/REACH-NGA-Dataset-and-Analysis-North-East-Nigeria-MSNA-2021-November-2021.xlsx,form,03-23-2022,07-08-2025 16:29:31,high
NG002020,Yola North,2,nucl1417,Igbo,14,0.006320423506604271,0.7917,REACH NGA Dataset and Analysis North East Nigeria MSNA 2021 November 2021,https://repository.impact-initiatives.org/document/impact/0a02ead7/REACH-NGA-Dataset-and-Analysis-North-East-Nigeria-MSNA-2021-November-2021.xlsx,form,03-23-2022,07-08-2025 16:29:31,high
NG002020,Yola North,2,long1389,Longuda,5,0.037922541039625626,0.7917,REACH NGA Dataset and Analysis North East Nigeria MSNA 2021 November 2021,https://repository.impact-initiatives.org/document/impact/0a02ead7/REACH-NGA-Dataset-and-Analysis-North-East-Nigeria-MSNA-2021-November-2021.xlsx,form,03-23-2022,07-08-2025 16:29:31,high
NG002020,Yola North,2,kilb1234,Kilba-South Margi,4,0.06295075244924515,0.7917,REACH NGA Dataset and Analysis North East Nigeria MSNA 2021 November 2021,https://repository.impact-initiatives.org/document/impact/0a02ead7/REACH-NGA-Dataset-and-Analysis-North-East-Nigeria-MSNA-2021-November-2021.xlsx,form,03-23-2022,07-08-2025 16:29:31,high
NG002020,Yola North,2,juku1259,Jukun,11,0.012640847013208542,0.7917,REACH NGA Dataset and Analysis North East Nigeria MSNA 2021 November 2021,https://repository.impact-initiatives.org/document/impact/0a02ead7/REACH-NGA-Dataset-and-Analysis-North-East-Nigeria-MSNA-2021-November-2021.xlsx,form,03-23-2022,07-08-2025 16:29:31,high
NG002020,Yola North,2,kyak1243,Kyak,14,0.006320423506604271,0.7917,REACH NGA Dataset and Analysis North East Nigeria MSNA 2021 November 2021,https://repository.impact-initiatives.org/document/impact/0a02ead7/REACH-NGA-Dataset-and-Analysis-North-East-Nigeria-MSNA-2021-November-2021.xlsx,form,03-23-2022,07-08-2025 16:29:31,high
NG002020,Yola North,2,cham1337,Chamba Donga,9,0.018961270519812813,0.7917,REACH NGA Dataset and Analysis North East Nigeria MSNA 2021 November 2021,https://repository.impact-initiatives.org/document/impact/0a02ead7/REACH-NGA-Dataset-and-Analysis-North-East-Nigeria-MSNA-2021-November-2021.xlsx,form,03-23-2022,07-08-2025 16:29:31,high
NG002020,Yola North,2,fula1265,Eastern Fula,2,0.20419137163567305,0.7917,REACH NGA Dataset and Analysis North East Nigeria MSNA 2021 November 2021,https://repository.impact-initiatives.org/document/impact/0a02ead7/REACH-NGA-Dataset-and-Analysis-North-East-Nigeria-MSNA-2021-November-2021.xlsx,form,03-23-2022,07-08-2025 16:29:31,high
NG002020,Yola North,2,Unknown,Unknown,10,0.01676996847867887,0.7917,REACH NGA Dataset and Analysis North East Nigeria MSNA 2021 November 2021,https://repository.impact-initiatives.org/document/impact/0a02ead7/REACH-NGA-Dataset-and-Analysis-North-East-Nigeria-MSNA-2021-November-2021.xlsx,form,03-23-2022,07-08-2025 16:29:31,high
NG002020,Yola North,2,bium1270,Marghic,12,0.008258242930940653,0.7917,REACH NGA Dataset and Analysis North East Nigeria MSNA 2021 November 2021,https://repository.impact-initiatives.org/document/impact/0a02ead7/REACH-NGA-Dataset-and-Analysis-North-East-Nigeria-MSNA-2021-November-2021.xlsx,form,03-23-2022,07-08-2025 16:29:31,high
NG036016,Yunusari,2,bura1272,Bura,5,0.013014406155863597,0.7917,REACH NGA Dataset and Analysis North East Nigeria MSNA 2021 November 2021,https://repository.impact-initiatives.org/document/impact/0a02ead7/REACH-NGA-Dataset-and-Analysis-North-East-Nigeria-MSNA-2021-November-2021.xlsx,form,03-23-2022,07-08-2025 16:29:31,high
NG036016,Yunusari,2,dera1248,Dera (Nigeria),3,0.044795783926218746,0.7917,REACH NGA Dataset and Analysis North East Nigeria MSNA 2021 November 2021,https://repository.impact-initiatives.org/document/impact/0a02ead7/REACH-NGA-Dataset-and-Analysis-North-East-Nigeria-MSNA-2021-November-2021.xlsx,form,03-23-2022,07-08-2025 16:29:31,high
NG036016,Yunusari,2,haus1257,Hausa,4,0.037654932670241906,0.7917,REACH NGA Dataset and Analysis North East Nigeria MSNA 2021 November 2021,https://repository.impact-initiatives.org/document/impact/0a02ead7/REACH-NGA-Dataset-and-Analysis-North-East-Nigeria-MSNA-2021-November-2021.xlsx,form,03-23-2022,07-08-2025 16:29:31,high
NG036016,Yunusari,2,fula1265,Eastern Fula,2,0.05707212974818603,0.7917,REACH NGA Dataset and Analysis North East Nigeria MSNA 2021 November 2021,https://repository.impact-initiatives.org/document/impact/0a02ead7/REACH-NGA-Dataset-and-Analysis-North-East-Nigeria-MSNA-2021-November-2021.xlsx,form,03-23-2022,07-08-2025 16:29:31,high
NG036016,Yunusari,2,cent2050,Central Kanuri,1,0.8399967835117866,0.7917,REACH NGA Dataset and Analysis North East Nigeria MSNA 2021 November 2021,https://repository.impact-initiatives.org/document/impact/0a02ead7/REACH-NGA-Dataset-and-Analysis-North-East-Nigeria-MSNA-2021-November-2021.xlsx,form,03-23-2022,07-08-2025 16:29:31,high
NG036016,Yunusari,2,bium1270,Marghic,6,0.007465963987703125,0.7917,REACH NGA Dataset and Analysis North East Nigeria MSNA 2021 November 2021,https://repository.impact-initiatives.org/document/impact/0a02ead7/REACH-NGA-Dataset-and-Analysis-North-East-Nigeria-MSNA-2021-November-2021.xlsx,form,03-23-2022,07-08-2025 16:29:31,high
NG036012,Nangere,2,kare1348,Karekare,1,0.5399251964544042,0.7917,REACH NGA Dataset and Analysis North East Nigeria MSNA 2021 November 2021,https://repository.impact-initiatives.org/document/impact/0a02ead7/REACH-NGA-Dataset-and-Analysis-North-East-Nigeria-MSNA-2021-November-2021.xlsx,form,03-23-2022,07-08-2025 16:29:31,high
NG036012,Nangere,2,haus1257,Hausa,2,0.40133682108501323,0.7917,REACH NGA Dataset and Analysis North East Nigeria MSNA 2021 November 2021,https://repository.impact-initiatives.org/document/impact/0a02ead7/REACH-NGA-Dataset-and-Analysis-North-East-Nigeria-MSNA-2021-November-2021.xlsx,form,03-23-2022,07-08-2025 16:29:31,high
NG036012,Nangere,2,fula1265,Eastern Fula,3,0.043150775561125766,0.7917,REACH NGA Dataset and Analysis North East Nigeria MSNA 2021 November 2021,https://repository.impact-initiatives.org/document/impact/0a02ead7/REACH-NGA-Dataset-and-Analysis-North-East-Nigeria-MSNA-2021-November-2021.xlsx,form,03-23-2022,07-08-2025 16:29:31,high
NG036012,Nangere,2,cent2050,Central Kanuri,4,0.012911417750521525,0.7917,REACH NGA Dataset and Analysis North East Nigeria MSNA 2021 November 2021,https://repository.impact-initiatives.org/document/impact/0a02ead7/REACH-NGA-Dataset-and-Analysis-North-East-Nigeria-MSNA-2021-November-2021.xlsx,form,03-23-2022,07-08-2025 16:29:31,high
NG036012,Nangere,2,bium1270,Marghic,5,0.0026757891489352314,0.7917,REACH NGA Dataset and Analysis North East Nigeria MSNA 2021 November 2021,https://repository.impact-initiatives.org/document/impact/0a02ead7/REACH-NGA-Dataset-and-Analysis-North-East-Nigeria-MSNA-2021-November-2021.xlsx,form,03-23-2022,07-08-2025 16:29:31,high
NG036007,Gujba,2,bura1272,Bura,5,0.025890982778058555,0.7917,REACH NGA Dataset and Analysis North East Nigeria MSNA 2021 November 2021,https://repository.impact-initiatives.org/document/impact/0a02ead7/REACH-NGA-Dataset-and-Analysis-North-East-Nigeria-MSNA-2021-November-2021.xlsx,form,03-23-2022,07-08-2025 16:29:31,high
NG036007,Gujba,2,ciba1236,Cibak,8,0.004225790148893984,0.7917,REACH NGA Dataset and Analysis North East Nigeria MSNA 2021 November 2021,https://repository.impact-initiatives.org/document/impact/0a02ead7/REACH-NGA-Dataset-and-Analysis-North-East-Nigeria-MSNA-2021-November-2021.xlsx,form,03-23-2022,07-08-2025 16:29:31,high
NG036007,Gujba,2,kare1348,Karekare,4,0.033604653423006656,0.7917,REACH NGA Dataset and Analysis North East Nigeria MSNA 2021 November 2021,https://repository.impact-initiatives.org/document/impact/0a02ead7/REACH-NGA-Dataset-and-Analysis-North-East-Nigeria-MSNA-2021-November-2021.xlsx,form,03-23-2022,07-08-2025 16:29:31,high
NG036007,Gujba,2,haus1257,Hausa,1,0.5124902116504962,0.7917,REACH NGA Dataset and Analysis North East Nigeria MSNA 2021 November 2021,https://repository.impact-initiatives.org/document/impact/0a02ead7/REACH-NGA-Dataset-and-Analysis-North-East-Nigeria-MSNA-2021-November-2021.xlsx,form,03-23-2022,07-08-2025 16:29:31,high
NG036007,Gujba,2,bate1261,Bateri,8,0.004225790148893984,0.7917,REACH NGA Dataset and Analysis North East Nigeria MSNA 2021 November 2021,https://repository.impact-initiatives.org/document/impact/0a02ead7/REACH-NGA-Dataset-and-Analysis-North-East-Nigeria-MSNA-2021-November-2021.xlsx,form,03-23-2022,07-08-2025 16:29:31,high
NG036007,Gujba,2,ngiz1242,Ngizim,11,0.0034878804960541175,0.7917,REACH NGA Dataset and Analysis North East Nigeria MSNA 2021 November 2021,https://repository.impact-initiatives.org/document/impact/0a02ead7/REACH-NGA-Dataset-and-Analysis-North-East-Nigeria-MSNA-2021-November-2021.xlsx,form,03-23-2022,07-08-2025 16:29:31,high
NG036007,Gujba,2,gama1254,Gama,11,0.0034878804960541175,0.7917,REACH NGA Dataset and Analysis North East Nigeria MSNA 2021 November 2021,https://repository.impact-initiatives.org/document/impact/0a02ead7/REACH-NGA-Dataset-and-Analysis-North-East-Nigeria-MSNA-2021-November-2021.xlsx,form,03-23-2022,07-08-2025 16:29:31,high
NG036007,Gujba,2,haus1246,Hausa Sign Language,8,0.004225790148893984,0.7917,REACH NGA Dataset and Analysis North East Nigeria MSNA 2021 November 2021,https://repository.impact-initiatives.org/document/impact/0a02ead7/REACH-NGA-Dataset-and-Analysis-North-East-Nigeria-MSNA-2021-November-2021.xlsx,form,03-23-2022,07-08-2025 16:29:31,high
NG036007,Gujba,2,fula1265,Eastern Fula,3,0.08485037709442911,0.7917,REACH NGA Dataset and Analysis North East Nigeria MSNA 2021 November 2021,https://repository.impact-initiatives.org/document/impact/0a02ead7/REACH-NGA-Dataset-and-Analysis-North-East-Nigeria-MSNA-2021-November-2021.xlsx,form,03-23-2022,07-08-2025 16:29:31,high
NG036007,Gujba,2,cent2050,Central Kanuri,2,0.3192848534663253,0.7917,REACH NGA Dataset and Analysis North East Nigeria MSNA 2021 November 2021,https://repository.impact-initiatives.org/document/impact/0a02ead7/REACH-NGA-Dataset-and-Analysis-North-East-Nigeria-MSNA-2021-November-2021.xlsx,form,03-23-2022,07-08-2025 16:29:31,high
NG036007,Gujba,2,bium1270,Marghic,8,0.004225790148893984,0.7917,REACH NGA Dataset and Analysis North East Nigeria MSNA 2021 November 2021,https://repository.impact-initiatives.org/document/impact/0a02ead7/REACH-NGA-Dataset-and-Analysis-North-East-Nigeria-MSNA-2021-November-2021.xlsx,form,03-23-2022,07-08-2025 16:29:31,high
NG002009,Lamurde,2,kulu1255,Kulung (Nigeria),7,0.018565053562931633,0.7917,REACH NGA Dataset and Analysis North East Nigeria MSNA 2021 November 2021,https://repository.impact-initiatives.org/document/impact/0a02ead7/REACH-NGA-Dataset-and-Analysis-North-East-Nigeria-MSNA-2021-November-2021.xlsx,form,03-23-2022,07-08-2025 16:29:31,high
NG002009,Lamurde,2,nucl1240,Mumuye,11,0.004765946554035387,0.7917,REACH NGA Dataset and Analysis North East Nigeria MSNA 2021 November 2021,https://repository.impact-initiatives.org/document/impact/0a02ead7/REACH-NGA-Dataset-and-Analysis-North-East-Nigeria-MSNA-2021-November-2021.xlsx,form,03-23-2022,07-08-2025 16:29:31,high
NG002009,Lamurde,2,waja1259,Waja,2,0.23795928690538956,0.7917,REACH NGA Dataset and Analysis North East Nigeria MSNA 2021 November 2021,https://repository.impact-initiatives.org/document/impact/0a02ead7/REACH-NGA-Dataset-and-Analysis-North-East-Nigeria-MSNA-2021-November-2021.xlsx,form,03-23-2022,07-08-2025 16:29:31,high
NG002009,Lamurde,2,lama1288,Lamang,9,0.009531893108070774,0.7917,REACH NGA Dataset and Analysis North East Nigeria MSNA 2021 November 2021,https://repository.impact-initiatives.org/document/impact/0a02ead7/REACH-NGA-Dataset-and-Analysis-North-East-Nigeria-MSNA-2021-November-2021.xlsx,form,03-23-2022,07-08-2025 16:29:31,high
NG002009,Lamurde,2,haus1257,Hausa,3,0.21120250052206477,0.7917,REACH NGA Dataset and Analysis North East Nigeria MSNA 2021 November 2021,https://repository.impact-initiatives.org/document/impact/0a02ead7/REACH-NGA-Dataset-and-Analysis-North-East-Nigeria-MSNA-2021-November-2021.xlsx,form,03-23-2022,07-08-2025 16:29:31,high
NG002009,Lamurde,2,baca1246,Bacama,1,0.31868900185493776,0.7917,REACH NGA Dataset and Analysis North East Nigeria MSNA 2021 November 2021,https://repository.impact-initiatives.org/document/impact/0a02ead7/REACH-NGA-Dataset-and-Analysis-North-East-Nigeria-MSNA-2021-November-2021.xlsx,form,03-23-2022,07-08-2025 16:29:31,high
NG002009,Lamurde,2,long1389,Longuda,4,0.12160031697448583,0.7917,REACH NGA Dataset and Analysis North East Nigeria MSNA 2021 November 2021,https://repository.impact-initiatives.org/document/impact/0a02ead7/REACH-NGA-Dataset-and-Analysis-North-East-Nigeria-MSNA-2021-November-2021.xlsx,form,03-23-2022,07-08-2025 16:29:31,high
NG002009,Lamurde,2,Unknown,Unknown,5,0.027847580344397452,0.7917,REACH NGA Dataset and Analysis North East Nigeria MSNA 2021 November 2021,https://repository.impact-initiatives.org/document/impact/0a02ead7/REACH-NGA-Dataset-and-Analysis-North-East-Nigeria-MSNA-2021-November-2021.xlsx,form,03-23-2022,07-08-2025 16:29:31,high
NG002009,Lamurde,2,cham1337,Chamba Donga,11,0.004765946554035387,0.7917,REACH NGA Dataset and Analysis North East Nigeria MSNA 2021 November 2021,https://repository.impact-initiatives.org/document/impact/0a02ead7/REACH-NGA-Dataset-and-Analysis-North-East-Nigeria-MSNA-2021-November-2021.xlsx,form,03-23-2022,07-08-2025 16:29:31,high
NG002009,Lamurde,2,fula1265,Eastern Fula,8,0.014048473335501204,0.7917,REACH NGA Dataset and Analysis North East Nigeria MSNA 2021 November 2021,https://repository.impact-initiatives.org/document/impact/0a02ead7/REACH-NGA-Dataset-and-Analysis-North-East-Nigeria-MSNA-2021-November-2021.xlsx,form,03-23-2022,07-08-2025 16:29:31,high
NG002009,Lamurde,2,kwaa1269,Kwaami,11,0.004765946554035387,0.7917,REACH NGA Dataset and Analysis North East Nigeria MSNA 2021 November 2021,https://repository.impact-initiatives.org/document/impact/0a02ead7/REACH-NGA-Dataset-and-Analysis-North-East-Nigeria-MSNA-2021-November-2021.xlsx,form,03-23-2022,07-08-2025 16:29:31,high
NG002009,Lamurde,2,bium1270,Marghic,6,0.026258053730114875,0.7917,REACH NGA Dataset and Analysis North East Nigeria MSNA 2021 November 2021,https://repository.impact-initiatives.org/document/impact/0a02ead7/REACH-NGA-Dataset-and-Analysis-North-East-Nigeria-MSNA-2021-November-2021.xlsx,form,03-23-2022,07-08-2025 16:29:31,high
NG036009,Jakusko,2,mafa1239,Mafa,6,0.00420123426091281,0.7917,REACH NGA Dataset and Analysis North East Nigeria MSNA 2021 November 2021,https://repository.impact-initiatives.org/document/impact/0a02ead7/REACH-NGA-Dataset-and-Analysis-North-East-Nigeria-MSNA-2021-November-2021.xlsx,form,03-23-2022,07-08-2025 16:29:31,high
NG036009,Jakusko,2,bade1248,Bade,5,0.03214842130203828,0.7917,REACH NGA Dataset and Analysis North East Nigeria MSNA 2021 November 2021,https://repository.impact-initiatives.org/document/impact/0a02ead7/REACH-NGA-Dataset-and-Analysis-North-East-Nigeria-MSNA-2021-November-2021.xlsx,form,03-23-2022,07-08-2025 16:29:31,high
NG036009,Jakusko,2,kare1348,Karekare,4,0.03959301167665677,0.7917,REACH NGA Dataset and Analysis North East Nigeria MSNA 2021 November 2021,https://repository.impact-initiatives.org/document/impact/0a02ead7/REACH-NGA-Dataset-and-Analysis-North-East-Nigeria-MSNA-2021-November-2021.xlsx,form,03-23-2022,07-08-2025 16:29:31,high
NG036009,Jakusko,2,haus1257,Hausa,1,0.6997628803246424,0.7917,REACH NGA Dataset and Analysis North East Nigeria MSNA 2021 November 2021,https://repository.impact-initiatives.org/document/impact/0a02ead7/REACH-NGA-Dataset-and-Analysis-North-East-Nigeria-MSNA-2021-November-2021.xlsx,form,03-23-2022,07-08-2025 16:29:31,high
NG036009,Jakusko,2,fula1265,Eastern Fula,3,0.08484871039949056,0.7917,REACH NGA Dataset and Analysis North East Nigeria MSNA 2021 November 2021,https://repository.impact-initiatives.org/document/impact/0a02ead7/REACH-NGA-Dataset-and-Analysis-North-East-Nigeria-MSNA-2021-November-2021.xlsx,form,03-23-2022,07-08-2025 16:29:31,high
NG036009,Jakusko,2,cent2050,Central Kanuri,2,0.1374997283680358,0.7917,REACH NGA Dataset and Analysis North East Nigeria MSNA 2021 November 2021,https://repository.impact-initiatives.org/document/impact/0a02ead7/REACH-NGA-Dataset-and-Analysis-North-East-Nigeria-MSNA-2021-November-2021.xlsx,form,03-23-2022,07-08-2025 16:29:31,high
NG036009,Jakusko,2,chad1249,Chadian Arabic,7,0.001297342445482272,0.7917,REACH NGA Dataset and Analysis North East Nigeria MSNA 2021 November 2021,https://repository.impact-initiatives.org/document/impact/0a02ead7/REACH-NGA-Dataset-and-Analysis-North-East-Nigeria-MSNA-2021-November-2021.xlsx,form,03-23-2022,07-08-2025 16:29:31,high
NG036009,Jakusko,2,tawa1286,Tawallammat Tamajaq,8,0.000648671222741136,0.7917,REACH NGA Dataset and Analysis North East Nigeria MSNA 2021 November 2021,https://repository.impact-initiatives.org/document/impact/0a02ead7/REACH-NGA-Dataset-and-Analysis-North-East-Nigeria-MSNA-2021-November-2021.xlsx,form,03-23-2022,07-08-2025 16:29:31,high
NG002010,Madagali,2,haus1257,Hausa,2,0.430122394531501,0.7917,REACH NGA Dataset and Analysis North East Nigeria MSNA 2021 November 2021,https://repository.impact-initiatives.org/document/impact/0a02ead7/REACH-NGA-Dataset-and-Analysis-North-East-Nigeria-MSNA-2021-November-2021.xlsx,form,03-23-2022,07-08-2025 16:29:31,high
NG002010,Madagali,2,fula1265,Eastern Fula,1,0.4306768439925099,0.7917,REACH NGA Dataset and Analysis North East Nigeria MSNA 2021 November 2021,https://repository.impact-initiatives.org/document/impact/0a02ead7/REACH-NGA-Dataset-and-Analysis-North-East-Nigeria-MSNA-2021-November-2021.xlsx,form,03-23-2022,07-08-2025 16:29:31,high
NG002010,Madagali,2,bium1270,Marghic,3,0.1392007614759892,0.7917,REACH NGA Dataset and Analysis North East Nigeria MSNA 2021 November 2021,https://repository.impact-initiatives.org/document/impact/0a02ead7/REACH-NGA-Dataset-and-Analysis-North-East-Nigeria-MSNA-2021-November-2021.xlsx,form,03-23-2022,07-08-2025 16:29:31,high
NG002003,Ganye,2,bura1272,Bura,11,0.009680565532046553,0.7917,REACH NGA Dataset and Analysis North East Nigeria MSNA 2021 November 2021,https://repository.impact-initiatives.org/document/impact/0a02ead7/REACH-NGA-Dataset-and-Analysis-North-East-Nigeria-MSNA-2021-November-2021.xlsx,form,03-23-2022,07-08-2025 16:29:31,high
NG002003,Ganye,2,nucl1240,Mumuye,16,0.0048402827660232765,0.7917,REACH NGA Dataset and Analysis North East Nigeria MSNA 2021 November 2021,https://repository.impact-initiatives.org/document/impact/0a02ead7/REACH-NGA-Dataset-and-Analysis-North-East-Nigeria-MSNA-2021-November-2021.xlsx,form,03-23-2022,07-08-2025 16:29:31,high
NG002003,Ganye,2,glav1244,Glavda,11,0.009680565532046553,0.7917,REACH NGA Dataset and Analysis North East Nigeria MSNA 2021 November 2021,https://repository.impact-initiatives.org/document/impact/0a02ead7/REACH-NGA-Dataset-and-Analysis-North-East-Nigeria-MSNA-2021-November-2021.xlsx,form,03-23-2022,07-08-2025 16:29:31,high
NG002003,Ganye,2,ciba1236,Cibak,16,0.0048402827660232765,0.7917,REACH NGA Dataset and Analysis North East Nigeria MSNA 2021 November 2021,https://repository.impact-initiatives.org/document/impact/0a02ead7/REACH-NGA-Dataset-and-Analysis-North-East-Nigeria-MSNA-2021-November-2021.xlsx,form,03-23-2022,07-08-2025 16:29:31,high
NG002003,Ganye,2,kamw1239,Kamwe,6,0.017017151593351022,0.7917,REACH NGA Dataset and Analysis North East Nigeria MSNA 2021 November 2021,https://repository.impact-initiatives.org/document/impact/0a02ead7/REACH-NGA-Dataset-and-Analysis-North-East-Nigeria-MSNA-2021-November-2021.xlsx,form,03-23-2022,07-08-2025 16:29:31,high
NG002003,Ganye,2,dera1248,Dera (Nigeria),8,0.009708690318644854,0.7917,REACH NGA Dataset and Analysis North East Nigeria MSNA 2021 November 2021,https://repository.impact-initiatives.org/document/impact/0a02ead7/REACH-NGA-Dataset-and-Analysis-North-East-Nigeria-MSNA-2021-November-2021.xlsx,form,03-23-2022,07-08-2025 16:29:31,high
NG002003,Ganye,2,haus1257,Hausa,3,0.058139642765475924,0.7917,REACH NGA Dataset and Analysis North East Nigeria MSNA 2021 November 2021,https://repository.impact-initiatives.org/document/impact/0a02ead7/REACH-NGA-Dataset-and-Analysis-North-East-Nigeria-MSNA-2021-November-2021.xlsx,form,03-23-2022,07-08-2025 16:29:31,high
NG002003,Ganye,2,stan1293,English,5,0.019361131064093106,0.7917,REACH NGA Dataset and Analysis North East Nigeria MSNA 2021 November 2021,https://repository.impact-initiatives.org/document/impact/0a02ead7/REACH-NGA-Dataset-and-Analysis-North-East-Nigeria-MSNA-2021-November-2021.xlsx,form,03-23-2022,07-08-2025 16:29:31,high
NG002003,Ganye,2,baca1246,Bacama,4,0.033910104148761236,0.7917,REACH NGA Dataset and Analysis North East Nigeria MSNA 2021 November 2021,https://repository.impact-initiatives.org/document/impact/0a02ead7/REACH-NGA-Dataset-and-Analysis-North-East-Nigeria-MSNA-2021-November-2021.xlsx,form,03-23-2022,07-08-2025 16:29:31,high
NG002003,Ganye,2,mbul1260,Mbula-Bwazza,16,0.0048402827660232765,0.7917,REACH NGA Dataset and Analysis North East Nigeria MSNA 2021 November 2021,https://repository.impact-initiatives.org/document/impact/0a02ead7/REACH-NGA-Dataset-and-Analysis-North-East-Nigeria-MSNA-2021-November-2021.xlsx,form,03-23-2022,07-08-2025 16:29:31,high
NG002003,Ganye,2,long1389,Longuda,11,0.009680565532046553,0.7917,REACH NGA Dataset and Analysis North East Nigeria MSNA 2021 November 2021,https://repository.impact-initiatives.org/document/impact/0a02ead7/REACH-NGA-Dataset-and-Analysis-North-East-Nigeria-MSNA-2021-November-2021.xlsx,form,03-23-2022,07-08-2025 16:29:31,high
NG002003,Ganye,2,kilb1234,Kilba-South Margi,16,0.0048402827660232765,0.7917,REACH NGA Dataset and Analysis North East Nigeria MSNA 2021 November 2021,https://repository.impact-initiatives.org/document/impact/0a02ead7/REACH-NGA-Dataset-and-Analysis-North-East-Nigeria-MSNA-2021-November-2021.xlsx,form,03-23-2022,07-08-2025 16:29:31,high
NG002003,Ganye,2,juku1259,Jukun,11,0.009680565532046553,0.7917,REACH NGA Dataset and Analysis North East Nigeria MSNA 2021 November 2021,https://repository.impact-initiatives.org/document/impact/0a02ead7/REACH-NGA-Dataset-and-Analysis-North-East-Nigeria-MSNA-2021-November-2021.xlsx,form,03-23-2022,07-08-2025 16:29:31,high
NG002003,Ganye,2,cham1337,Chamba Donga,1,0.5422804185141968,0.7917,REACH NGA Dataset and Analysis North East Nigeria MSNA 2021 November 2021,https://repository.impact-initiatives.org/document/impact/0a02ead7/REACH-NGA-Dataset-and-Analysis-North-East-Nigeria-MSNA-2021-November-2021.xlsx,form,03-23-2022,07-08-2025 16:29:31,high
NG002003,Ganye,2,fula1265,Eastern Fula,2,0.23967015883042175,0.7917,REACH NGA Dataset and Analysis North East Nigeria MSNA 2021 November 2021,https://repository.impact-initiatives.org/document/impact/0a02ead7/REACH-NGA-Dataset-and-Analysis-North-East-Nigeria-MSNA-2021-November-2021.xlsx,form,03-23-2022,07-08-2025 16:29:31,high
NG002003,Ganye,2,cent2050,Central Kanuri,11,0.009680565532046553,0.7917,REACH NGA Dataset and Analysis North East Nigeria MSNA 2021 November 2021,https://repository.impact-initiatives.org/document/impact/0a02ead7/REACH-NGA-Dataset-and-Analysis-North-East-Nigeria-MSNA-2021-November-2021.xlsx,form,03-23-2022,07-08-2025 16:29:31,high
NG002003,Ganye,2,bium1270,Marghic,7,0.012148744040729444,0.7917,REACH NGA Dataset and Analysis North East Nigeria MSNA 2021 November 2021,https://repository.impact-initiatives.org/document/impact/0a02ead7/REACH-NGA-Dataset-and-Analysis-North-East-Nigeria-MSNA-2021-November-2021.xlsx,form,03-23-2022,07-08-2025 16:29:31,high
NG002001,Demsa,2,tamb1252,Tambo,24,0.0009141706725830968,0.7917,REACH NGA Dataset and Analysis North East Nigeria MSNA 2021 November 2021,https://repository.impact-initiatives.org/document/impact/0a02ead7/REACH-NGA-Dataset-and-Analysis-North-East-Nigeria-MSNA-2021-November-2021.xlsx,form,03-23-2022,07-08-2025 16:29:31,high
NG002001,Demsa,2,nucl1240,Mumuye,24,0.0009141706725830968,0.7917,REACH NGA Dataset and Analysis North East Nigeria MSNA 2021 November 2021,https://repository.impact-initiatives.org/document/impact/0a02ead7/REACH-NGA-Dataset-and-Analysis-North-East-Nigeria-MSNA-2021-November-2021.xlsx,form,03-23-2022,07-08-2025 16:29:31,high
NG002001,Demsa,2,yend1241,Yendang,20,0.0018283413451661936,0.7917,REACH NGA Dataset and Analysis North East Nigeria MSNA 2021 November 2021,https://repository.impact-initiatives.org/document/impact/0a02ead7/REACH-NGA-Dataset-and-Analysis-North-East-Nigeria-MSNA-2021-November-2021.xlsx,form,03-23-2022,07-08-2025 16:29:31,high
NG002001,Demsa,2,waja1259,Waja,24,0.0009141706725830968,0.7917,REACH NGA Dataset and Analysis North East Nigeria MSNA 2021 November 2021,https://repository.impact-initiatives.org/document/impact/0a02ead7/REACH-NGA-Dataset-and-Analysis-North-East-Nigeria-MSNA-2021-November-2021.xlsx,form,03-23-2022,07-08-2025 16:29:31,high
NG002001,Demsa,2,haus1257,Hausa,2,0.15204285252698635,0.7917,REACH NGA Dataset and Analysis North East Nigeria MSNA 2021 November 2021,https://repository.impact-initiatives.org/document/impact/0a02ead7/REACH-NGA-Dataset-and-Analysis-North-East-Nigeria-MSNA-2021-November-2021.xlsx,form,03-23-2022,07-08-2025 16:29:31,high
NG002001,Demsa,2,stan1293,English,7,0.05603806622405031,0.7917,REACH NGA Dataset and Analysis North East Nigeria MSNA 2021 November 2021,https://repository.impact-initiatives.org/document/impact/0a02ead7/REACH-NGA-Dataset-and-Analysis-North-East-Nigeria-MSNA-2021-November-2021.xlsx,form,03-23-2022,07-08-2025 16:29:31,high
NG002001,Demsa,2,baca1246,Bacama,1,0.21532149540010723,0.7917,REACH NGA Dataset and Analysis North East Nigeria MSNA 2021 November 2021,https://repository.impact-initiatives.org/document/impact/0a02ead7/REACH-NGA-Dataset-and-Analysis-North-East-Nigeria-MSNA-2021-November-2021.xlsx,form,03-23-2022,07-08-2025 16:29:31,high
NG002001,Demsa,2,bata1314,Bata,10,0.022232392355103506,0.7917,REACH NGA Dataset and Analysis North East Nigeria MSNA 2021 November 2021,https://repository.impact-initiatives.org/document/impact/0a02ead7/REACH-NGA-Dataset-and-Analysis-North-East-Nigeria-MSNA-2021-November-2021.xlsx,form,03-23-2022,07-08-2025 16:29:31,high
NG002001,Demsa,2,jara1274,Jara,20,0.0018283413451661936,0.7917,REACH NGA Dataset and Analysis North East Nigeria MSNA 2021 November 2021,https://repository.impact-initiatives.org/document/impact/0a02ead7/REACH-NGA-Dataset-and-Analysis-North-East-Nigeria-MSNA-2021-November-2021.xlsx,form,03-23-2022,07-08-2025 16:29:31,high
NG002001,Demsa,2,bile1244,Bile,20,0.0018283413451661936,0.7917,REACH NGA Dataset and Analysis North East Nigeria MSNA 2021 November 2021,https://repository.impact-initiatives.org/document/impact/0a02ead7/REACH-NGA-Dataset-and-Analysis-North-East-Nigeria-MSNA-2021-November-2021.xlsx,form,03-23-2022,07-08-2025 16:29:31,high
NG002001,Demsa,2,mbul1260,Mbula-Bwazza,8,0.0472072967279563,0.7917,REACH NGA Dataset and Analysis North East Nigeria MSNA 2021 November 2021,https://repository.impact-initiatives.org/document/impact/0a02ead7/REACH-NGA-Dataset-and-Analysis-North-East-Nigeria-MSNA-2021-November-2021.xlsx,form,03-23-2022,07-08-2025 16:29:31,high
NG002001,Demsa,2,kute1248,Kutep,4,0.09867450958909113,0.7917,REACH NGA Dataset and Analysis North East Nigeria MSNA 2021 November 2021,https://repository.impact-initiatives.org/document/impact/0a02ead7/REACH-NGA-Dataset-and-Analysis-North-East-Nigeria-MSNA-2021-November-2021.xlsx,form,03-23-2022,07-08-2025 16:29:31,high
NG002001,Demsa,2,dzaa1238,Dza,15,0.010659110841260203,0.7917,REACH NGA Dataset and Analysis North East Nigeria MSNA 2021 November 2021,https://repository.impact-initiatives.org/document/impact/0a02ead7/REACH-NGA-Dataset-and-Analysis-North-East-Nigeria-MSNA-2021-November-2021.xlsx,form,03-23-2022,07-08-2025 16:29:31,high
NG002001,Demsa,2,mund1325,Mundang,20,0.0018283413451661936,0.7917,REACH NGA Dataset and Analysis North East Nigeria MSNA 2021 November 2021,https://repository.impact-initiatives.org/document/impact/0a02ead7/REACH-NGA-Dataset-and-Analysis-North-East-Nigeria-MSNA-2021-November-2021.xlsx,form,03-23-2022,07-08-2025 16:29:31,high
NG002001,Demsa,2,long1389,Longuda,6,0.056074460589847414,0.7917,REACH NGA Dataset and Analysis North East Nigeria MSNA 2021 November 2021,https://repository.impact-initiatives.org/document/impact/0a02ead7/REACH-NGA-Dataset-and-Analysis-North-East-Nigeria-MSNA-2021-November-2021.xlsx,form,03-23-2022,07-08-2025 16:29:31,high
NG002001,Demsa,2,tula1252,Tula,15,0.010659110841260203,0.7917,REACH NGA Dataset and Analysis North East Nigeria MSNA 2021 November 2021,https://repository.impact-initiatives.org/document/impact/0a02ead7/REACH-NGA-Dataset-and-Analysis-North-East-Nigeria-MSNA-2021-November-2021.xlsx,form,03-23-2022,07-08-2025 16:29:31,high
NG002001,Demsa,2,siba1241,Sibalenhon,15,0.010659110841260203,0.7917,REACH NGA Dataset and Analysis North East Nigeria MSNA 2021 November 2021,https://repository.impact-initiatives.org/document/impact/0a02ead7/REACH-NGA-Dataset-and-Analysis-North-East-Nigeria-MSNA-2021-November-2021.xlsx,form,03-23-2022,07-08-2025 16:29:31,high
NG002001,Demsa,2,kilb1234,Kilba-South Margi,9,0.03197733252378061,0.7917,REACH NGA Dataset and Analysis North East Nigeria MSNA 2021 November 2021,https://repository.impact-initiatives.org/document/impact/0a02ead7/REACH-NGA-Dataset-and-Analysis-North-East-Nigeria-MSNA-2021-November-2021.xlsx,form,03-23-2022,07-08-2025 16:29:31,high
NG002001,Demsa,2,bali1245,Bali (Nigeria),3,0.14222512362671505,0.7917,REACH NGA Dataset and Analysis North East Nigeria MSNA 2021 November 2021,https://repository.impact-initiatives.org/document/impact/0a02ead7/REACH-NGA-Dataset-and-Analysis-North-East-Nigeria-MSNA-2021-November-2021.xlsx,form,03-23-2022,07-08-2025 16:29:31,high
NG002001,Demsa,2,cham1337,Chamba Donga,15,0.010659110841260203,0.7917,REACH NGA Dataset and Analysis North East Nigeria MSNA 2021 November 2021,https://repository.impact-initiatives.org/document/impact/0a02ead7/REACH-NGA-Dataset-and-Analysis-North-East-Nigeria-MSNA-2021-November-2021.xlsx,form,03-23-2022,07-08-2025 16:29:31,high
NG002001,Demsa,2,fula1265,Eastern Fula,5,0.09170847580396041,0.7917,REACH NGA Dataset and Analysis North East Nigeria MSNA 2021 November 2021,https://repository.impact-initiatives.org/document/impact/0a02ead7/REACH-NGA-Dataset-and-Analysis-North-East-Nigeria-MSNA-2021-November-2021.xlsx,form,03-23-2022,07-08-2025 16:29:31,high
NG002001,Demsa,2,Unknown,Unknown,15,0.010659110841260203,0.7917,REACH NGA Dataset and Analysis North East Nigeria MSNA 2021 November 2021,https://repository.impact-initiatives.org/document/impact/0a02ead7/REACH-NGA-Dataset-and-Analysis-North-East-Nigeria-MSNA-2021-November-2021.xlsx,form,03-23-2022,07-08-2025 16:29:31,high
NG002001,Demsa,2,cent2050,Central Kanuri,24,0.0009141706725830968,0.7917,REACH NGA Dataset and Analysis North East Nigeria MSNA 2021 November 2021,https://repository.impact-initiatives.org/document/impact/0a02ead7/REACH-NGA-Dataset-and-Analysis-North-East-Nigeria-MSNA-2021-November-2021.xlsx,form,03-23-2022,07-08-2025 16:29:31,high
NG002001,Demsa,2,waka1275,Waka,15,0.010659110841260203,0.7917,REACH NGA Dataset and Analysis North East Nigeria MSNA 2021 November 2021,https://repository.impact-initiatives.org/document/impact/0a02ead7/REACH-NGA-Dataset-and-Analysis-North-East-Nigeria-MSNA-2021-November-2021.xlsx,form,03-23-2022,07-08-2025 16:29:31,high
NG002001,Demsa,2,waza1238,Wazan,11,0.0115732815138433,0.7917,REACH NGA Dataset and Analysis North East Nigeria MSNA 2021 November 2021,https://repository.impact-initiatives.org/document/impact/0a02ead7/REACH-NGA-Dataset-and-Analysis-North-East-Nigeria-MSNA-2021-November-2021.xlsx,form,03-23-2022,07-08-2025 16:29:31,high
NG008007,Damboa,2,bura1272,Bura,6,0.004513587480709867,0.7917,REACH NGA Dataset and Analysis North East Nigeria MSNA 2021 November 2021,https://repository.impact-initiatives.org/document/impact/0a02ead7/REACH-NGA-Dataset-and-Analysis-North-East-Nigeria-MSNA-2021-November-2021.xlsx,form,03-23-2022,07-08-2025 16:29:31,high
NG008007,Damboa,2,haus1257,Hausa,3,0.07986742785699039,0.7917,REACH NGA Dataset and Analysis North East Nigeria MSNA 2021 November 2021,https://repository.impact-initiatives.org/document/impact/0a02ead7/REACH-NGA-Dataset-and-Analysis-North-East-Nigeria-MSNA-2021-November-2021.xlsx,form,03-23-2022,07-08-2025 16:29:31,high
NG008007,Damboa,2,fula1265,Eastern Fula,5,0.021586148357466486,0.7917,REACH NGA Dataset and Analysis North East Nigeria MSNA 2021 November 2021,https://repository.impact-initiatives.org/document/impact/0a02ead7/REACH-NGA-Dataset-and-Analysis-North-East-Nigeria-MSNA-2021-November-2021.xlsx,form,03-23-2022,07-08-2025 16:29:31,high
NG008007,Damboa,2,cent2050,Central Kanuri,1,0.6165625589990478,0.7917,REACH NGA Dataset and Analysis North East Nigeria MSNA 2021 November 2021,https://repository.impact-initiatives.org/document/impact/0a02ead7/REACH-NGA-Dataset-and-Analysis-North-East-Nigeria-MSNA-2021-November-2021.xlsx,form,03-23-2022,07-08-2025 16:29:31,high
NG008007,Damboa,2,bium1270,Marghic,2,0.25588412894831897,0.7917,REACH NGA Dataset and Analysis North East Nigeria MSNA 2021 November 2021,https://repository.impact-initiatives.org/document/impact/0a02ead7/REACH-NGA-Dataset-and-Analysis-North-East-Nigeria-MSNA-2021-November-2021.xlsx,form,03-23-2022,07-08-2025 16:29:31,high
NG008007,Damboa,2,chad1249,Chadian Arabic,5,0.021586148357466486,0.7917,REACH NGA Dataset and Analysis North East Nigeria MSNA 2021 November 2021,https://repository.impact-initiatives.org/document/impact/0a02ead7/REACH-NGA-Dataset-and-Analysis-North-East-Nigeria-MSNA-2021-November-2021.xlsx,form,03-23-2022,07-08-2025 16:29:31,high
NG036005,Fune,2,kare1348,Karekare,2,0.24847786926655008,0.7917,REACH NGA Dataset and Analysis North East Nigeria MSNA 2021 November 2021,https://repository.impact-initiatives.org/document/impact/0a02ead7/REACH-NGA-Dataset-and-Analysis-North-East-Nigeria-MSNA-2021-November-2021.xlsx,form,03-23-2022,07-08-2025 16:29:31,high
NG036005,Fune,2,haus1257,Hausa,1,0.5773373618435111,0.7917,REACH NGA Dataset and Analysis North East Nigeria MSNA 2021 November 2021,https://repository.impact-initiatives.org/document/impact/0a02ead7/REACH-NGA-Dataset-and-Analysis-North-East-Nigeria-MSNA-2021-November-2021.xlsx,form,03-23-2022,07-08-2025 16:29:31,high
NG036005,Fune,2,ngiz1242,Ngizim,5,0.0322522074362858,0.7917,REACH NGA Dataset and Analysis North East Nigeria MSNA 2021 November 2021,https://repository.impact-initiatives.org/document/impact/0a02ead7/REACH-NGA-Dataset-and-Analysis-North-East-Nigeria-MSNA-2021-November-2021.xlsx,form,03-23-2022,07-08-2025 16:29:31,high
NG036005,Fune,2,fula1265,Eastern Fula,3,0.08096604027929914,0.7917,REACH NGA Dataset and Analysis North East Nigeria MSNA 2021 November 2021,https://repository.impact-initiatives.org/document/impact/0a02ead7/REACH-NGA-Dataset-and-Analysis-North-East-Nigeria-MSNA-2021-November-2021.xlsx,form,03-23-2022,07-08-2025 16:29:31,high
NG036005,Fune,2,cent2050,Central Kanuri,4,0.052567947626697704,0.7917,REACH NGA Dataset and Analysis North East Nigeria MSNA 2021 November 2021,https://repository.impact-initiatives.org/document/impact/0a02ead7/REACH-NGA-Dataset-and-Analysis-North-East-Nigeria-MSNA-2021-November-2021.xlsx,form,03-23-2022,07-08-2025 16:29:31,high
NG036005,Fune,2,chad1249,Chadian Arabic,6,0.008398573547656094,0.7917,REACH NGA Dataset and Analysis North East Nigeria MSNA 2021 November 2021,https://repository.impact-initiatives.org/document/impact/0a02ead7/REACH-NGA-Dataset-and-Analysis-North-East-Nigeria-MSNA-2021-November-2021.xlsx,form,03-23-2022,07-08-2025 16:29:31,high
NG008012,Hawul,2,bura1272,Bura,1,0.9779584787341384,0.7917,REACH NGA Dataset and Analysis North East Nigeria MSNA 2021 November 2021,https://repository.impact-initiatives.org/document/impact/0a02ead7/REACH-NGA-Dataset-and-Analysis-North-East-Nigeria-MSNA-2021-November-2021.xlsx,form,03-23-2022,07-08-2025 16:29:31,high
NG008012,Hawul,2,glav1244,Glavda,5,0.0011474978533203444,0.7917,REACH NGA Dataset and Analysis North East Nigeria MSNA 2021 November 2021,https://repository.impact-initiatives.org/document/impact/0a02ead7/REACH-NGA-Dataset-and-Analysis-North-East-Nigeria-MSNA-2021-November-2021.xlsx,form,03-23-2022,07-08-2025 16:29:31,high
NG008012,Hawul,2,haus1257,Hausa,2,0.013164350372813927,0.7917,REACH NGA Dataset and Analysis North East Nigeria MSNA 2021 November 2021,https://repository.impact-initiatives.org/document/impact/0a02ead7/REACH-NGA-Dataset-and-Analysis-North-East-Nigeria-MSNA-2021-November-2021.xlsx,form,03-23-2022,07-08-2025 16:29:31,high
NG008012,Hawul,2,fula1265,Eastern Fula,3,0.006582175186406964,0.7917,REACH NGA Dataset and Analysis North East Nigeria MSNA 2021 November 2021,https://repository.impact-initiatives.org/document/impact/0a02ead7/REACH-NGA-Dataset-and-Analysis-North-East-Nigeria-MSNA-2021-November-2021.xlsx,form,03-23-2022,07-08-2025 16:29:31,high
NG008012,Hawul,2,Unknown,Unknown,5,0.0011474978533203444,0.7917,REACH NGA Dataset and Analysis North East Nigeria MSNA 2021 November 2021,https://repository.impact-initiatives.org/document/impact/0a02ead7/REACH-NGA-Dataset-and-Analysis-North-East-Nigeria-MSNA-2021-November-2021.xlsx,form,03-23-2022,07-08-2025 16:29:31,high
NG036006,Geidam,2,haus1257,Hausa,2,0.4840105513139946,0.7917,REACH NGA Dataset and Analysis North East Nigeria MSNA 2021 November 2021,https://repository.impact-initiatives.org/document/impact/0a02ead7/REACH-NGA-Dataset-and-Analysis-North-East-Nigeria-MSNA-2021-November-2021.xlsx,form,03-23-2022,07-08-2025 16:29:31,high
NG036006,Geidam,2,juku1259,Jukun,4,0.005084519630761767,0.7917,REACH NGA Dataset and Analysis North East Nigeria MSNA 2021 November 2021,https://repository.impact-initiatives.org/document/impact/0a02ead7/REACH-NGA-Dataset-and-Analysis-North-East-Nigeria-MSNA-2021-November-2021.xlsx,form,03-23-2022,07-08-2025 16:29:31,high
NG036006,Geidam,2,fula1265,Eastern Fula,4,0.005084519630761767,0.7917,REACH NGA Dataset and Analysis North East Nigeria MSNA 2021 November 2021,https://repository.impact-initiatives.org/document/impact/0a02ead7/REACH-NGA-Dataset-and-Analysis-North-East-Nigeria-MSNA-2021-November-2021.xlsx,form,03-23-2022,07-08-2025 16:29:31,high
NG036006,Geidam,2,cent2050,Central Kanuri,1,0.5007358897937201,0.7917,REACH NGA Dataset and Analysis North East Nigeria MSNA 2021 November 2021,https://repository.impact-initiatives.org/document/impact/0a02ead7/REACH-NGA-Dataset-and-Analysis-North-East-Nigeria-MSNA-2021-November-2021.xlsx,form,03-23-2022,07-08-2025 16:29:31,high
NG036006,Geidam,2,bium1270,Marghic,4,0.005084519630761767,0.7917,REACH NGA Dataset and Analysis North East Nigeria MSNA 2021 November 2021,https://repository.impact-initiatives.org/document/impact/0a02ead7/REACH-NGA-Dataset-and-Analysis-North-East-Nigeria-MSNA-2021-November-2021.xlsx,form,03-23-2022,07-08-2025 16:29:31,high
NG002013,Michika,2,kamw1239,Kamwe,2,0.3090983570158394,0.7917,REACH NGA Dataset and Analysis North East Nigeria MSNA 2021 November 2021,https://repository.impact-initiatives.org/document/impact/0a02ead7/REACH-NGA-Dataset-and-Analysis-North-East-Nigeria-MSNA-2021-November-2021.xlsx,form,03-23-2022,07-08-2025 16:29:31,high
NG002013,Michika,2,haus1257,Hausa,1,0.6177487455459875,0.7917,REACH NGA Dataset and Analysis North East Nigeria MSNA 2021 November 2021,https://repository.impact-initiatives.org/document/impact/0a02ead7/REACH-NGA-Dataset-and-Analysis-North-East-Nigeria-MSNA-2021-November-2021.xlsx,form,03-23-2022,07-08-2025 16:29:31,high
NG002013,Michika,2,stan1293,English,5,0.006096074786514427,0.7917,REACH NGA Dataset and Analysis North East Nigeria MSNA 2021 November 2021,https://repository.impact-initiatives.org/document/impact/0a02ead7/REACH-NGA-Dataset-and-Analysis-North-East-Nigeria-MSNA-2021-November-2021.xlsx,form,03-23-2022,07-08-2025 16:29:31,high
NG002013,Michika,2,fula1265,Eastern Fula,3,0.06096074786514427,0.7917,REACH NGA Dataset and Analysis North East Nigeria MSNA 2021 November 2021,https://repository.impact-initiatives.org/document/impact/0a02ead7/REACH-NGA-Dataset-and-Analysis-North-East-Nigeria-MSNA-2021-November-2021.xlsx,form,03-23-2022,07-08-2025 16:29:31,high
NG002013,Michika,2,bium1270,Marghic,5,0.006096074786514427,0.7917,REACH NGA Dataset and Analysis North East Nigeria MSNA 2021 November 2021,https://repository.impact-initiatives.org/document/impact/0a02ead7/REACH-NGA-Dataset-and-Analysis-North-East-Nigeria-MSNA-2021-November-2021.xlsx,form,03-23-2022,07-08-2025 16:29:31,high
NG036008,Gulani,2,bura1272,Bura,3,0.17166149321390992,0.7917,REACH NGA Dataset and Analysis North East Nigeria MSNA 2021 November 2021,https://repository.impact-initiatives.org/document/impact/0a02ead7/REACH-NGA-Dataset-and-Analysis-North-East-Nigeria-MSNA-2021-November-2021.xlsx,form,03-23-2022,07-08-2025 16:29:31,high
NG036008,Gulani,2,bura1292,Bura-Pabir,9,0.0031691018723433075,0.7917,REACH NGA Dataset and Analysis North East Nigeria MSNA 2021 November 2021,https://repository.impact-initiatives.org/document/impact/0a02ead7/REACH-NGA-Dataset-and-Analysis-North-East-Nigeria-MSNA-2021-November-2021.xlsx,form,03-23-2022,07-08-2025 16:29:31,high
NG036008,Gulani,2,kare1348,Karekare,4,0.04096208102831944,0.7917,REACH NGA Dataset and Analysis North East Nigeria MSNA 2021 November 2021,https://repository.impact-initiatives.org/document/impact/0a02ead7/REACH-NGA-Dataset-and-Analysis-North-East-Nigeria-MSNA-2021-November-2021.xlsx,form,03-23-2022,07-08-2025 16:29:31,high
NG036008,Gulani,2,haus1257,Hausa,1,0.5389337962094027,0.7917,REACH NGA Dataset and Analysis North East Nigeria MSNA 2021 November 2021,https://repository.impact-initiatives.org/document/impact/0a02ead7/REACH-NGA-Dataset-and-Analysis-North-East-Nigeria-MSNA-2021-November-2021.xlsx,form,03-23-2022,07-08-2025 16:29:31,high
NG036008,Gulani,2,nucl1695,Bole,9,0.0031691018723433075,0.7917,REACH NGA Dataset and Analysis North East Nigeria MSNA 2021 November 2021,https://repository.impact-initiatives.org/document/impact/0a02ead7/REACH-NGA-Dataset-and-Analysis-North-East-Nigeria-MSNA-2021-November-2021.xlsx,form,03-23-2022,07-08-2025 16:29:31,high
NG036008,Gulani,2,ngiz1242,Ngizim,7,0.006338203744686615,0.7917,REACH NGA Dataset and Analysis North East Nigeria MSNA 2021 November 2021,https://repository.impact-initiatives.org/document/impact/0a02ead7/REACH-NGA-Dataset-and-Analysis-North-East-Nigeria-MSNA-2021-November-2021.xlsx,form,03-23-2022,07-08-2025 16:29:31,high
NG036008,Gulani,2,fula1265,Eastern Fula,2,0.1772186702593275,0.7917,REACH NGA Dataset and Analysis North East Nigeria MSNA 2021 November 2021,https://repository.impact-initiatives.org/document/impact/0a02ead7/REACH-NGA-Dataset-and-Analysis-North-East-Nigeria-MSNA-2021-November-2021.xlsx,form,03-23-2022,07-08-2025 16:29:31,high
NG036008,Gulani,2,cent2050,Central Kanuri,6,0.02368743120389078,0.7917,REACH NGA Dataset and Analysis North East Nigeria MSNA 2021 November 2021,https://repository.impact-initiatives.org/document/impact/0a02ead7/REACH-NGA-Dataset-and-Analysis-North-East-Nigeria-MSNA-2021-November-2021.xlsx,form,03-23-2022,07-08-2025 16:29:31,high
NG036008,Gulani,2,maak1236,Maaka,5,0.03486012059577638,0.7917,REACH NGA Dataset and Analysis North East Nigeria MSNA 2021 November 2021,https://repository.impact-initiatives.org/document/impact/0a02ead7/REACH-NGA-Dataset-and-Analysis-North-East-Nigeria-MSNA-2021-November-2021.xlsx,form,03-23-2022,07-08-2025 16:29:31,high
NG008027,Shani,2,bura1272,Bura,1,0.4823593177932394,0.7917,REACH NGA Dataset and Analysis North East Nigeria MSNA 2021 November 2021,https://repository.impact-initiatives.org/document/impact/0a02ead7/REACH-NGA-Dataset-and-Analysis-North-East-Nigeria-MSNA-2021-November-2021.xlsx,form,03-23-2022,07-08-2025 16:29:31,high
NG008027,Shani,2,dera1248,Dera (Nigeria),2,0.24950825607461674,0.7917,REACH NGA Dataset and Analysis North East Nigeria MSNA 2021 November 2021,https://repository.impact-initiatives.org/document/impact/0a02ead7/REACH-NGA-Dataset-and-Analysis-North-East-Nigeria-MSNA-2021-November-2021.xlsx,form,03-23-2022,07-08-2025 16:29:31,high
NG008027,Shani,2,haus1257,Hausa,3,0.12988572345009983,0.7917,REACH NGA Dataset and Analysis North East Nigeria MSNA 2021 November 2021,https://repository.impact-initiatives.org/document/impact/0a02ead7/REACH-NGA-Dataset-and-Analysis-North-East-Nigeria-MSNA-2021-November-2021.xlsx,form,03-23-2022,07-08-2025 16:29:31,high
NG008027,Shani,2,stan1293,English,8,0.0064923198461894266,0.7917,REACH NGA Dataset and Analysis North East Nigeria MSNA 2021 November 2021,https://repository.impact-initiatives.org/document/impact/0a02ead7/REACH-NGA-Dataset-and-Analysis-North-East-Nigeria-MSNA-2021-November-2021.xlsx,form,03-23-2022,07-08-2025 16:29:31,high
NG008027,Shani,2,lala1261,Lala-Roba,8,0.0064923198461894266,0.7917,REACH NGA Dataset and Analysis North East Nigeria MSNA 2021 November 2021,https://repository.impact-initiatives.org/document/impact/0a02ead7/REACH-NGA-Dataset-and-Analysis-North-East-Nigeria-MSNA-2021-November-2021.xlsx,form,03-23-2022,07-08-2025 16:29:31,high
NG008027,Shani,2,long1389,Longuda,8,0.0064923198461894266,0.7917,REACH NGA Dataset and Analysis North East Nigeria MSNA 2021 November 2021,https://repository.impact-initiatives.org/document/impact/0a02ead7/REACH-NGA-Dataset-and-Analysis-North-East-Nigeria-MSNA-2021-November-2021.xlsx,form,03-23-2022,07-08-2025 16:29:31,high
NG008027,Shani,2,mumu1250,Mumuyic,8,0.0064923198461894266,0.7917,REACH NGA Dataset and Analysis North East Nigeria MSNA 2021 November 2021,https://repository.impact-initiatives.org/document/impact/0a02ead7/REACH-NGA-Dataset-and-Analysis-North-East-Nigeria-MSNA-2021-November-2021.xlsx,form,03-23-2022,07-08-2025 16:29:31,high
NG008027,Shani,2,Unknown,Unknown,5,0.03246159923094713,0.7917,REACH NGA Dataset and Analysis North East Nigeria MSNA 2021 November 2021,https://repository.impact-initiatives.org/document/impact/0a02ead7/REACH-NGA-Dataset-and-Analysis-North-East-Nigeria-MSNA-2021-November-2021.xlsx,form,03-23-2022,07-08-2025 16:29:31,high
NG008027,Shani,2,fula1265,Eastern Fula,4,0.07332350422014981,0.7917,REACH NGA Dataset and Analysis North East Nigeria MSNA 2021 November 2021,https://repository.impact-initiatives.org/document/impact/0a02ead7/REACH-NGA-Dataset-and-Analysis-North-East-Nigeria-MSNA-2021-November-2021.xlsx,form,03-23-2022,07-08-2025 16:29:31,high
NG008027,Shani,2,cent2050,Central Kanuri,8,0.0064923198461894266,0.7917,REACH NGA Dataset and Analysis North East Nigeria MSNA 2021 November 2021,https://repository.impact-initiatives.org/document/impact/0a02ead7/REACH-NGA-Dataset-and-Analysis-North-East-Nigeria-MSNA-2021-November-2021.xlsx,form,03-23-2022,07-08-2025 16:29:31,high
NG002004,Gombi,2,bura1272,Bura,4,0.08733688756319057,0.7917,REACH NGA Dataset and Analysis North East Nigeria MSNA 2021 November 2021,https://repository.impact-initiatives.org/document/impact/0a02ead7/REACH-NGA-Dataset-and-Analysis-North-East-Nigeria-MSNA-2021-November-2021.xlsx,form,03-23-2022,07-08-2025 16:29:31,high
NG002004,Gombi,2,lama1288,Lamang,14,0.004158899407770979,0.7917,REACH NGA Dataset and Analysis North East Nigeria MSNA 2021 November 2021,https://repository.impact-initiatives.org/document/impact/0a02ead7/REACH-NGA-Dataset-and-Analysis-North-East-Nigeria-MSNA-2021-November-2021.xlsx,form,03-23-2022,07-08-2025 16:29:31,high
NG002004,Gombi,2,ciba1236,Cibak,14,0.004158899407770979,0.7917,REACH NGA Dataset and Analysis North East Nigeria MSNA 2021 November 2021,https://repository.impact-initiatives.org/document/impact/0a02ead7/REACH-NGA-Dataset-and-Analysis-North-East-Nigeria-MSNA-2021-November-2021.xlsx,form,03-23-2022,07-08-2025 16:29:31,high
NG002004,Gombi,2,kamw1239,Kamwe,8,0.024953396446625874,0.7917,REACH NGA Dataset and Analysis North East Nigeria MSNA 2021 November 2021,https://repository.impact-initiatives.org/document/impact/0a02ead7/REACH-NGA-Dataset-and-Analysis-North-East-Nigeria-MSNA-2021-November-2021.xlsx,form,03-23-2022,07-08-2025 16:29:31,high
NG002004,Gombi,2,ngwa1251,Ngwaba,14,0.004158899407770979,0.7917,REACH NGA Dataset and Analysis North East Nigeria MSNA 2021 November 2021,https://repository.impact-initiatives.org/document/impact/0a02ead7/REACH-NGA-Dataset-and-Analysis-North-East-Nigeria-MSNA-2021-November-2021.xlsx,form,03-23-2022,07-08-2025 16:29:31,high
NG002004,Gombi,2,kare1348,Karekare,6,0.04944784143869055,0.7917,REACH NGA Dataset and Analysis North East Nigeria MSNA 2021 November 2021,https://repository.impact-initiatives.org/document/impact/0a02ead7/REACH-NGA-Dataset-and-Analysis-North-East-Nigeria-MSNA-2021-November-2021.xlsx,form,03-23-2022,07-08-2025 16:29:31,high
NG002004,Gombi,2,haus1257,Hausa,1,0.4066542390524336,0.7917,REACH NGA Dataset and Analysis North East Nigeria MSNA 2021 November 2021,https://repository.impact-initiatives.org/document/impact/0a02ead7/REACH-NGA-Dataset-and-Analysis-North-East-Nigeria-MSNA-2021-November-2021.xlsx,form,03-23-2022,07-08-2025 16:29:31,high
NG002004,Gombi,2,stan1293,English,14,0.004158899407770979,0.7917,REACH NGA Dataset and Analysis North East Nigeria MSNA 2021 November 2021,https://repository.impact-initiatives.org/document/impact/0a02ead7/REACH-NGA-Dataset-and-Analysis-North-East-Nigeria-MSNA-2021-November-2021.xlsx,form,03-23-2022,07-08-2025 16:29:31,high
NG002004,Gombi,2,gude1246,Gude,14,0.004158899407770979,0.7917,REACH NGA Dataset and Analysis North East Nigeria MSNA 2021 November 2021,https://repository.impact-initiatives.org/document/impact/0a02ead7/REACH-NGA-Dataset-and-Analysis-North-East-Nigeria-MSNA-2021-November-2021.xlsx,form,03-23-2022,07-08-2025 16:29:31,high
NG002004,Gombi,2,gaan1243,Ga'anda,10,0.012476698223312937,0.7917,REACH NGA Dataset and Analysis North East Nigeria MSNA 2021 November 2021,https://repository.impact-initiatives.org/document/impact/0a02ead7/REACH-NGA-Dataset-and-Analysis-North-East-Nigeria-MSNA-2021-November-2021.xlsx,form,03-23-2022,07-08-2025 16:29:31,high
NG002004,Gombi,2,hwan1240,Hwana,7,0.029112295854396855,0.7917,REACH NGA Dataset and Analysis North East Nigeria MSNA 2021 November 2021,https://repository.impact-initiatives.org/document/impact/0a02ead7/REACH-NGA-Dataset-and-Analysis-North-East-Nigeria-MSNA-2021-November-2021.xlsx,form,03-23-2022,07-08-2025 16:29:31,high
NG002004,Gombi,2,kilb1234,Kilba-South Margi,5,0.04990679289325175,0.7917,REACH NGA Dataset and Analysis North East Nigeria MSNA 2021 November 2021,https://repository.impact-initiatives.org/document/impact/0a02ead7/REACH-NGA-Dataset-and-Analysis-North-East-Nigeria-MSNA-2021-November-2021.xlsx,form,03-23-2022,07-08-2025 16:29:31,high
NG002004,Gombi,2,fula1265,Eastern Fula,2,0.17051487571861015,0.7917,REACH NGA Dataset and Analysis North East Nigeria MSNA 2021 November 2021,https://repository.impact-initiatives.org/document/impact/0a02ead7/REACH-NGA-Dataset-and-Analysis-North-East-Nigeria-MSNA-2021-November-2021.xlsx,form,03-23-2022,07-08-2025 16:29:31,high
NG002004,Gombi,2,cent2050,Central Kanuri,10,0.012476698223312937,0.7917,REACH NGA Dataset and Analysis North East Nigeria MSNA 2021 November 2021,https://repository.impact-initiatives.org/document/impact/0a02ead7/REACH-NGA-Dataset-and-Analysis-North-East-Nigeria-MSNA-2021-November-2021.xlsx,form,03-23-2022,07-08-2025 16:29:31,high
NG002004,Gombi,2,bium1270,Marghic,3,0.13216687813954894,0.7917,REACH NGA Dataset and Analysis North East Nigeria MSNA 2021 November 2021,https://repository.impact-initiatives.org/document/impact/0a02ead7/REACH-NGA-Dataset-and-Analysis-North-East-Nigeria-MSNA-2021-November-2021.xlsx,form,03-23-2022,07-08-2025 16:29:31,high
NG002004,Gombi,2,wand1278,Wandala,14,0.004158899407770979,0.7917,REACH NGA Dataset and Analysis North East Nigeria MSNA 2021 November 2021,https://repository.impact-initiatives.org/document/impact/0a02ead7/REACH-NGA-Dataset-and-Analysis-North-East-Nigeria-MSNA-2021-November-2021.xlsx,form,03-23-2022,07-08-2025 16:29:31,high
NG036014,Potiskum,2,kare1348,Karekare,2,0.39067814737494466,0.7917,REACH NGA Dataset and Analysis North East Nigeria MSNA 2021 November 2021,https://repository.impact-initiatives.org/document/impact/0a02ead7/REACH-NGA-Dataset-and-Analysis-North-East-Nigeria-MSNA-2021-November-2021.xlsx,form,03-23-2022,07-08-2025 16:29:31,high
NG036014,Potiskum,2,haus1257,Hausa,1,0.5014235347075128,0.7917,REACH NGA Dataset and Analysis North East Nigeria MSNA 2021 November 2021,https://repository.impact-initiatives.org/document/impact/0a02ead7/REACH-NGA-Dataset-and-Analysis-North-East-Nigeria-MSNA-2021-November-2021.xlsx,form,03-23-2022,07-08-2025 16:29:31,high
NG036014,Potiskum,2,ngiz1242,Ngizim,4,0.03935482323086581,0.7917,REACH NGA Dataset and Analysis North East Nigeria MSNA 2021 November 2021,https://repository.impact-initiatives.org/document/impact/0a02ead7/REACH-NGA-Dataset-and-Analysis-North-East-Nigeria-MSNA-2021-November-2021.xlsx,form,03-23-2022,07-08-2025 16:29:31,high
NG036014,Potiskum,2,fula1265,Eastern Fula,3,0.04073608604096445,0.7917,REACH NGA Dataset and Analysis North East Nigeria MSNA 2021 November 2021,https://repository.impact-initiatives.org/document/impact/0a02ead7/REACH-NGA-Dataset-and-Analysis-North-East-Nigeria-MSNA-2021-November-2021.xlsx,form,03-23-2022,07-08-2025 16:29:31,high
NG036014,Potiskum,2,cent2050,Central Kanuri,5,0.017114737722962146,0.7917,REACH NGA Dataset and Analysis North East Nigeria MSNA 2021 November 2021,https://repository.impact-initiatives.org/document/impact/0a02ead7/REACH-NGA-Dataset-and-Analysis-North-East-Nigeria-MSNA-2021-November-2021.xlsx,form,03-23-2022,07-08-2025 16:29:31,high
NG036014,Potiskum,2,bium1270,Marghic,6,0.009269136215237445,0.7917,REACH NGA Dataset and Analysis North East Nigeria MSNA 2021 November 2021,https://repository.impact-initiatives.org/document/impact/0a02ead7/REACH-NGA-Dataset-and-Analysis-North-East-Nigeria-MSNA-2021-November-2021.xlsx,form,03-23-2022,07-08-2025 16:29:31,high
NG036014,Potiskum,2,chad1249,Chadian Arabic,7,0.0014235347075127437,0.7917,REACH NGA Dataset and Analysis North East Nigeria MSNA 2021 November 2021,https://repository.impact-initiatives.org/document/impact/0a02ead7/REACH-NGA-Dataset-and-Analysis-North-East-Nigeria-MSNA-2021-November-2021.xlsx,form,03-23-2022,07-08-2025 16:29:31,high
NG002018,Song,2,kamw1239,Kamwe,3,0.009222710480739207,0.7917,REACH NGA Dataset and Analysis North East Nigeria MSNA 2021 November 2021,https://repository.impact-initiatives.org/document/impact/0a02ead7/REACH-NGA-Dataset-and-Analysis-North-East-Nigeria-MSNA-2021-November-2021.xlsx,form,03-23-2022,07-08-2025 16:29:31,high
NG002018,Song,2,haus1257,Hausa,1,0.8581806656504752,0.7917,REACH NGA Dataset and Analysis North East Nigeria MSNA 2021 November 2021,https://repository.impact-initiatives.org/document/impact/0a02ead7/REACH-NGA-Dataset-and-Analysis-North-East-Nigeria-MSNA-2021-November-2021.xlsx,form,03-23-2022,07-08-2025 16:29:31,high
NG002018,Song,2,stan1293,English,5,0.00685410629933591,0.7917,REACH NGA Dataset and Analysis North East Nigeria MSNA 2021 November 2021,https://repository.impact-initiatives.org/document/impact/0a02ead7/REACH-NGA-Dataset-and-Analysis-North-East-Nigeria-MSNA-2021-November-2021.xlsx,form,03-23-2022,07-08-2025 16:29:31,high
NG002018,Song,2,baca1246,Bacama,5,0.00685410629933591,0.7917,REACH NGA Dataset and Analysis North East Nigeria MSNA 2021 November 2021,https://repository.impact-initiatives.org/document/impact/0a02ead7/REACH-NGA-Dataset-and-Analysis-North-East-Nigeria-MSNA-2021-November-2021.xlsx,form,03-23-2022,07-08-2025 16:29:31,high
NG002018,Song,2,fula1265,Eastern Fula,2,0.11888841127011376,0.7917,REACH NGA Dataset and Analysis North East Nigeria MSNA 2021 November 2021,https://repository.impact-initiatives.org/document/impact/0a02ead7/REACH-NGA-Dataset-and-Analysis-North-East-Nigeria-MSNA-2021-November-2021.xlsx,form,03-23-2022,07-08-2025 16:29:31,high
NG008025,Ngala,2,bura1272,Bura,6,0.005784556409309801,0.7917,REACH NGA Dataset and Analysis North East Nigeria MSNA 2021 November 2021,https://repository.impact-initiatives.org/document/impact/0a02ead7/REACH-NGA-Dataset-and-Analysis-North-East-Nigeria-MSNA-2021-November-2021.xlsx,form,03-23-2022,07-08-2025 16:29:31,high
NG008025,Ngala,2,afad1236,Afade,4,0.026059411084869304,0.7917,REACH NGA Dataset and Analysis North East Nigeria MSNA 2021 November 2021,https://repository.impact-initiatives.org/document/impact/0a02ead7/REACH-NGA-Dataset-and-Analysis-North-East-Nigeria-MSNA-2021-November-2021.xlsx,form,03-23-2022,07-08-2025 16:29:31,high
NG008025,Ngala,2,haus1257,Hausa,3,0.11002220074878702,0.7917,REACH NGA Dataset and Analysis North East Nigeria MSNA 2021 November 2021,https://repository.impact-initiatives.org/document/impact/0a02ead7/REACH-NGA-Dataset-and-Analysis-North-East-Nigeria-MSNA-2021-November-2021.xlsx,form,03-23-2022,07-08-2025 16:29:31,high
NG008025,Ngala,2,fula1265,Eastern Fula,6,0.005784556409309801,0.7917,REACH NGA Dataset and Analysis North East Nigeria MSNA 2021 November 2021,https://repository.impact-initiatives.org/document/impact/0a02ead7/REACH-NGA-Dataset-and-Analysis-North-East-Nigeria-MSNA-2021-November-2021.xlsx,form,03-23-2022,07-08-2025 16:29:31,high
NG008025,Ngala,2,cent2050,Central Kanuri,1,0.5073298589475101,0.7917,REACH NGA Dataset and Analysis North East Nigeria MSNA 2021 November 2021,https://repository.impact-initiatives.org/document/impact/0a02ead7/REACH-NGA-Dataset-and-Analysis-North-East-Nigeria-MSNA-2021-November-2021.xlsx,form,03-23-2022,07-08-2025 16:29:31,high
NG008025,Ngala,2,wand1278,Wandala,6,0.005784556409309801,0.7917,REACH NGA Dataset and Analysis North East Nigeria MSNA 2021 November 2021,https://repository.impact-initiatives.org/document/impact/0a02ead7/REACH-NGA-Dataset-and-Analysis-North-East-Nigeria-MSNA-2021-November-2021.xlsx,form,03-23-2022,07-08-2025 16:29:31,high
NG008025,Ngala,2,chad1249,Chadian Arabic,2,0.33923485999090414,0.7917,REACH NGA Dataset and Analysis North East Nigeria MSNA 2021 November 2021,https://repository.impact-initiatives.org/document/impact/0a02ead7/REACH-NGA-Dataset-and-Analysis-North-East-Nigeria-MSNA-2021-November-2021.xlsx,form,03-23-2022,07-08-2025 16:29:31,high
NG036017,Yusufari,2,kamw1239,Kamwe,5,0.009295662954730763,0.7917,REACH NGA Dataset and Analysis North East Nigeria MSNA 2021 November 2021,https://repository.impact-initiatives.org/document/impact/0a02ead7/REACH-NGA-Dataset-and-Analysis-North-East-Nigeria-MSNA-2021-November-2021.xlsx,form,03-23-2022,07-08-2025 16:29:31,high
NG036017,Yusufari,2,haus1257,Hausa,2,0.35412143451816863,0.7917,REACH NGA Dataset and Analysis North East Nigeria MSNA 2021 November 2021,https://repository.impact-initiatives.org/document/impact/0a02ead7/REACH-NGA-Dataset-and-Analysis-North-East-Nigeria-MSNA-2021-November-2021.xlsx,form,03-23-2022,07-08-2025 16:29:31,high
NG036017,Yusufari,2,fula1265,Eastern Fula,3,0.11813903306375188,0.7917,REACH NGA Dataset and Analysis North East Nigeria MSNA 2021 November 2021,https://repository.impact-initiatives.org/document/impact/0a02ead7/REACH-NGA-Dataset-and-Analysis-North-East-Nigeria-MSNA-2021-November-2021.xlsx,form,03-23-2022,07-08-2025 16:29:31,high
NG036017,Yusufari,2,cent2050,Central Kanuri,1,0.48067064007911314,0.7917,REACH NGA Dataset and Analysis North East Nigeria MSNA 2021 November 2021,https://repository.impact-initiatives.org/document/impact/0a02ead7/REACH-NGA-Dataset-and-Analysis-North-East-Nigeria-MSNA-2021-November-2021.xlsx,form,03-23-2022,07-08-2025 16:29:31,high
NG036017,Yusufari,2,chad1249,Chadian Arabic,4,0.03777322938423563,0.7917,REACH NGA Dataset and Analysis North East Nigeria MSNA 2021 November 2021,https://repository.impact-initiatives.org/document/impact/0a02ead7/REACH-NGA-Dataset-and-Analysis-North-East-Nigeria-MSNA-2021-November-2021.xlsx,form,03-23-2022,07-08-2025 16:29:31,high
NG036015,Tarmua,2,kare1348,Karekare,5,0.0005886412536028877,0.7917,REACH NGA Dataset and Analysis North East Nigeria MSNA 2021 November 2021,https://repository.impact-initiatives.org/document/impact/0a02ead7/REACH-NGA-Dataset-and-Analysis-North-East-Nigeria-MSNA-2021-November-2021.xlsx,form,03-23-2022,07-08-2025 16:29:31,high
NG036015,Tarmua,2,haus1257,Hausa,2,0.2953349285153106,0.7917,REACH NGA Dataset and Analysis North East Nigeria MSNA 2021 November 2021,https://repository.impact-initiatives.org/document/impact/0a02ead7/REACH-NGA-Dataset-and-Analysis-North-East-Nigeria-MSNA-2021-November-2021.xlsx,form,03-23-2022,07-08-2025 16:29:31,high
NG036015,Tarmua,2,fula1265,Eastern Fula,1,0.456665615947999,0.7917,REACH NGA Dataset and Analysis North East Nigeria MSNA 2021 November 2021,https://repository.impact-initiatives.org/document/impact/0a02ead7/REACH-NGA-Dataset-and-Analysis-North-East-Nigeria-MSNA-2021-November-2021.xlsx,form,03-23-2022,07-08-2025 16:29:31,high
NG036015,Tarmua,2,cent2050,Central Kanuri,3,0.22739104166815916,0.7917,REACH NGA Dataset and Analysis North East Nigeria MSNA 2021 November 2021,https://repository.impact-initiatives.org/document/impact/0a02ead7/REACH-NGA-Dataset-and-Analysis-North-East-Nigeria-MSNA-2021-November-2021.xlsx,form,03-23-2022,07-08-2025 16:29:31,high
NG036015,Tarmua,2,chad1249,Chadian Arabic,4,0.020019772614928332,0.7917,REACH NGA Dataset and Analysis North East Nigeria MSNA 2021 November 2021,https://repository.impact-initiatives.org/document/impact/0a02ead7/REACH-NGA-Dataset-and-Analysis-North-East-Nigeria-MSNA-2021-November-2021.xlsx,form,03-23-2022,07-08-2025 16:29:31,high
NG008013,Jere,2,bura1272,Bura,5,0.014896993027963759,0.7917,REACH NGA Dataset and Analysis North East Nigeria MSNA 2021 November 2021,https://repository.impact-initiatives.org/document/impact/0a02ead7/REACH-NGA-Dataset-and-Analysis-North-East-Nigeria-MSNA-2021-November-2021.xlsx,form,03-23-2022,07-08-2025 16:29:31,high
NG008013,Jere,2,ciba1236,Cibak,8,0.004536062447559754,0.7917,REACH NGA Dataset and Analysis North East Nigeria MSNA 2021 November 2021,https://repository.impact-initiatives.org/document/impact/0a02ead7/REACH-NGA-Dataset-and-Analysis-North-East-Nigeria-MSNA-2021-November-2021.xlsx,form,03-23-2022,07-08-2025 16:29:31,high
NG008013,Jere,2,haus1257,Hausa,2,0.3613405152026384,0.7917,REACH NGA Dataset and Analysis North East Nigeria MSNA 2021 November 2021,https://repository.impact-initiatives.org/document/impact/0a02ead7/REACH-NGA-Dataset-and-Analysis-North-East-Nigeria-MSNA-2021-November-2021.xlsx,form,03-23-2022,07-08-2025 16:29:31,high
NG008013,Jere,2,fula1265,Eastern Fula,6,0.005360904090937733,0.7917,REACH NGA Dataset and Analysis North East Nigeria MSNA 2021 November 2021,https://repository.impact-initiatives.org/document/impact/0a02ead7/REACH-NGA-Dataset-and-Analysis-North-East-Nigeria-MSNA-2021-November-2021.xlsx,form,03-23-2022,07-08-2025 16:29:31,high
NG008013,Jere,2,cent2050,Central Kanuri,1,0.44566984553864764,0.7917,REACH NGA Dataset and Analysis North East Nigeria MSNA 2021 November 2021,https://repository.impact-initiatives.org/document/impact/0a02ead7/REACH-NGA-Dataset-and-Analysis-North-East-Nigeria-MSNA-2021-November-2021.xlsx,form,03-23-2022,07-08-2025 16:29:31,high
NG008013,Jere,2,bium1270,Marghic,4,0.019433055475523514,0.7917,REACH NGA Dataset and Analysis North East Nigeria MSNA 2021 November 2021,https://repository.impact-initiatives.org/document/impact/0a02ead7/REACH-NGA-Dataset-and-Analysis-North-East-Nigeria-MSNA-2021-November-2021.xlsx,form,03-23-2022,07-08-2025 16:29:31,high
NG008013,Jere,2,Unknown,Unknown,8,0.004536062447559754,0.7917,REACH NGA Dataset and Analysis North East Nigeria MSNA 2021 November 2021,https://repository.impact-initiatives.org/document/impact/0a02ead7/REACH-NGA-Dataset-and-Analysis-North-East-Nigeria-MSNA-2021-November-2021.xlsx,form,03-23-2022,07-08-2025 16:29:31,high
NG008013,Jere,2,chad1249,Chadian Arabic,3,0.14422656176916945,0.7917,REACH NGA Dataset and Analysis North East Nigeria MSNA 2021 November 2021,https://repository.impact-initiatives.org/document/impact/0a02ead7/REACH-NGA-Dataset-and-Analysis-North-East-Nigeria-MSNA-2021-November-2021.xlsx,form,03-23-2022,07-08-2025 16:29:31,high
NG008018,Kwaya Kusar,2,bura1272,Bura,1,0.6772170460245411,0.7917,REACH NGA Dataset and Analysis North East Nigeria MSNA 2021 November 2021,https://repository.impact-initiatives.org/document/impact/0a02ead7/REACH-NGA-Dataset-and-Analysis-North-East-Nigeria-MSNA-2021-November-2021.xlsx,form,03-23-2022,07-08-2025 16:29:31,high
NG008018,Kwaya Kusar,2,haus1257,Hausa,2,0.23749320875368626,0.7917,REACH NGA Dataset and Analysis North East Nigeria MSNA 2021 November 2021,https://repository.impact-initiatives.org/document/impact/0a02ead7/REACH-NGA-Dataset-and-Analysis-North-East-Nigeria-MSNA-2021-November-2021.xlsx,form,03-23-2022,07-08-2025 16:29:31,high
NG008018,Kwaya Kusar,2,tera1251,Tera,5,0.0010562080410973305,0.7917,REACH NGA Dataset and Analysis North East Nigeria MSNA 2021 November 2021,https://repository.impact-initiatives.org/document/impact/0a02ead7/REACH-NGA-Dataset-and-Analysis-North-East-Nigeria-MSNA-2021-November-2021.xlsx,form,03-23-2022,07-08-2025 16:29:31,high
NG008018,Kwaya Kusar,2,fula1265,Eastern Fula,3,0.06750635323030377,0.7917,REACH NGA Dataset and Analysis North East Nigeria MSNA 2021 November 2021,https://repository.impact-initiatives.org/document/impact/0a02ead7/REACH-NGA-Dataset-and-Analysis-North-East-Nigeria-MSNA-2021-November-2021.xlsx,form,03-23-2022,07-08-2025 16:29:31,high
NG008018,Kwaya Kusar,2,cent2050,Central Kanuri,4,0.016727183950371496,0.7917,REACH NGA Dataset and Analysis North East Nigeria MSNA 2021 November 2021,https://repository.impact-initiatives.org/document/impact/0a02ead7/REACH-NGA-Dataset-and-Analysis-North-East-Nigeria-MSNA-2021-November-2021.xlsx,form,03-23-2022,07-08-2025 16:29:31,high
NG002015,Mubi South,2,bura1272,Bura,9,0.010874976731712956,0.7917,REACH NGA Dataset and Analysis North East Nigeria MSNA 2021 November 2021,https://repository.impact-initiatives.org/document/impact/0a02ead7/REACH-NGA-Dataset-and-Analysis-North-East-Nigeria-MSNA-2021-November-2021.xlsx,form,03-23-2022,07-08-2025 16:29:31,high
NG002015,Mubi South,2,glav1244,Glavda,10,0.008766053303344743,0.7917,REACH NGA Dataset and Analysis North East Nigeria MSNA 2021 November 2021,https://repository.impact-initiatives.org/document/impact/0a02ead7/REACH-NGA-Dataset-and-Analysis-North-East-Nigeria-MSNA-2021-November-2021.xlsx,form,03-23-2022,07-08-2025 16:29:31,high
NG002015,Mubi South,2,kamw1239,Kamwe,4,0.060619064046201446,0.7917,REACH NGA Dataset and Analysis North East Nigeria MSNA 2021 November 2021,https://repository.impact-initiatives.org/document/impact/0a02ead7/REACH-NGA-Dataset-and-Analysis-North-East-Nigeria-MSNA-2021-November-2021.xlsx,form,03-23-2022,07-08-2025 16:29:31,high
NG002015,Mubi South,2,nzan1240,Nzanyi,13,0.006491950080040584,0.7917,REACH NGA Dataset and Analysis North East Nigeria MSNA 2021 November 2021,https://repository.impact-initiatives.org/document/impact/0a02ead7/REACH-NGA-Dataset-and-Analysis-North-East-Nigeria-MSNA-2021-November-2021.xlsx,form,03-23-2022,07-08-2025 16:29:31,high
NG002015,Mubi South,2,mafa1239,Mafa,15,0.004383026651672371,0.7917,REACH NGA Dataset and Analysis North East Nigeria MSNA 2021 November 2021,https://repository.impact-initiatives.org/document/impact/0a02ead7/REACH-NGA-Dataset-and-Analysis-North-East-Nigeria-MSNA-2021-November-2021.xlsx,form,03-23-2022,07-08-2025 16:29:31,high
NG002015,Mubi South,2,haus1257,Hausa,1,0.4069395519300984,0.7917,REACH NGA Dataset and Analysis North East Nigeria MSNA 2021 November 2021,https://repository.impact-initiatives.org/document/impact/0a02ead7/REACH-NGA-Dataset-and-Analysis-North-East-Nigeria-MSNA-2021-November-2021.xlsx,form,03-23-2022,07-08-2025 16:29:31,high
NG002015,Mubi South,2,ngub1238,Nguburindi,13,0.006491950080040584,0.7917,REACH NGA Dataset and Analysis North East Nigeria MSNA 2021 November 2021,https://repository.impact-initiatives.org/document/impact/0a02ead7/REACH-NGA-Dataset-and-Analysis-North-East-Nigeria-MSNA-2021-November-2021.xlsx,form,03-23-2022,07-08-2025 16:29:31,high
NG002015,Mubi South,2,gude1246,Gude,3,0.06491950080040584,0.7917,REACH NGA Dataset and Analysis North East Nigeria MSNA 2021 November 2021,https://repository.impact-initiatives.org/document/impact/0a02ead7/REACH-NGA-Dataset-and-Analysis-North-East-Nigeria-MSNA-2021-November-2021.xlsx,form,03-23-2022,07-08-2025 16:29:31,high
NG002015,Mubi South,2,nucl1417,Igbo,7,0.014405134827147448,0.7917,REACH NGA Dataset and Analysis North East Nigeria MSNA 2021 November 2021,https://repository.impact-initiatives.org/document/impact/0a02ead7/REACH-NGA-Dataset-and-Analysis-North-East-Nigeria-MSNA-2021-November-2021.xlsx,form,03-23-2022,07-08-2025 16:29:31,high
NG002015,Mubi South,2,kilb1234,Kilba-South Margi,8,0.012983900160081168,0.7917,REACH NGA Dataset and Analysis North East Nigeria MSNA 2021 November 2021,https://repository.impact-initiatives.org/document/impact/0a02ead7/REACH-NGA-Dataset-and-Analysis-North-East-Nigeria-MSNA-2021-November-2021.xlsx,form,03-23-2022,07-08-2025 16:29:31,high
NG002015,Mubi South,2,fula1265,Eastern Fula,2,0.339736184734941,0.7917,REACH NGA Dataset and Analysis North East Nigeria MSNA 2021 November 2021,https://repository.impact-initiatives.org/document/impact/0a02ead7/REACH-NGA-Dataset-and-Analysis-North-East-Nigeria-MSNA-2021-November-2021.xlsx,form,03-23-2022,07-08-2025 16:29:31,high
NG002015,Mubi South,2,cent2050,Central Kanuri,6,0.02402405668673007,0.7917,REACH NGA Dataset and Analysis North East Nigeria MSNA 2021 November 2021,https://repository.impact-initiatives.org/document/impact/0a02ead7/REACH-NGA-Dataset-and-Analysis-North-East-Nigeria-MSNA-2021-November-2021.xlsx,form,03-23-2022,07-08-2025 16:29:31,high
NG002015,Mubi South,2,bium1270,Marghic,5,0.02840708333840244,0.7917,REACH NGA Dataset and Analysis North East Nigeria MSNA 2021 November 2021,https://repository.impact-initiatives.org/document/impact/0a02ead7/REACH-NGA-Dataset-and-Analysis-North-East-Nigeria-MSNA-2021-November-2021.xlsx,form,03-23-2022,07-08-2025 16:29:31,high
NG002015,Mubi South,2,wand1278,Wandala,15,0.004383026651672371,0.7917,REACH NGA Dataset and Analysis North East Nigeria MSNA 2021 November 2021,https://repository.impact-initiatives.org/document/impact/0a02ead7/REACH-NGA-Dataset-and-Analysis-North-East-Nigeria-MSNA-2021-November-2021.xlsx,form,03-23-2022,07-08-2025 16:29:31,high
NG002015,Mubi South,2,chad1249,Chadian Arabic,11,0.0065745399775085575,0.7917,REACH NGA Dataset and Analysis North East Nigeria MSNA 2021 November 2021,https://repository.impact-initiatives.org/document/impact/0a02ead7/REACH-NGA-Dataset-and-Analysis-North-East-Nigeria-MSNA-2021-November-2021.xlsx,form,03-23-2022,07-08-2025 16:29:31,high
NG008011,Gwoza,2,lama1288,Lamang,3,0.13955416915776403,0.7917,REACH NGA Dataset and Analysis North East Nigeria MSNA 2021 November 2021,https://repository.impact-initiatives.org/document/impact/0a02ead7/REACH-NGA-Dataset-and-Analysis-North-East-Nigeria-MSNA-2021-November-2021.xlsx,form,03-23-2022,07-08-2025 16:29:31,high
NG008011,Gwoza,2,glav1244,Glavda,5,0.03276780280383963,0.7917,REACH NGA Dataset and Analysis North East Nigeria MSNA 2021 November 2021,https://repository.impact-initiatives.org/document/impact/0a02ead7/REACH-NGA-Dataset-and-Analysis-North-East-Nigeria-MSNA-2021-November-2021.xlsx,form,03-23-2022,07-08-2025 16:29:31,high
NG008011,Gwoza,2,haus1257,Hausa,1,0.4831262256467283,0.7917,REACH NGA Dataset and Analysis North East Nigeria MSNA 2021 November 2021,https://repository.impact-initiatives.org/document/impact/0a02ead7/REACH-NGA-Dataset-and-Analysis-North-East-Nigeria-MSNA-2021-November-2021.xlsx,form,03-23-2022,07-08-2025 16:29:31,high
NG008011,Gwoza,2,gudu1252,Guduf-Gava,6,0.013214309864960163,0.7917,REACH NGA Dataset and Analysis North East Nigeria MSNA 2021 November 2021,https://repository.impact-initiatives.org/document/impact/0a02ead7/REACH-NGA-Dataset-and-Analysis-North-East-Nigeria-MSNA-2021-November-2021.xlsx,form,03-23-2022,07-08-2025 16:29:31,high
NG008011,Gwoza,2,bura1295,Bura Sign Language,8,0.0068751267910408575,0.7917,REACH NGA Dataset and Analysis North East Nigeria MSNA 2021 November 2021,https://repository.impact-initiatives.org/document/impact/0a02ead7/REACH-NGA-Dataset-and-Analysis-North-East-Nigeria-MSNA-2021-November-2021.xlsx,form,03-23-2022,07-08-2025 16:29:31,high
NG008011,Gwoza,2,fula1265,Eastern Fula,4,0.03964292959488049,0.7917,REACH NGA Dataset and Analysis North East Nigeria MSNA 2021 November 2021,https://repository.impact-initiatives.org/document/impact/0a02ead7/REACH-NGA-Dataset-and-Analysis-North-East-Nigeria-MSNA-2021-November-2021.xlsx,form,03-23-2022,07-08-2025 16:29:31,high
NG008011,Gwoza,2,bium1270,Marghic,7,0.012678366147838611,0.7917,REACH NGA Dataset and Analysis North East Nigeria MSNA 2021 November 2021,https://repository.impact-initiatives.org/document/impact/0a02ead7/REACH-NGA-Dataset-and-Analysis-North-East-Nigeria-MSNA-2021-November-2021.xlsx,form,03-23-2022,07-08-2025 16:29:31,high
NG008011,Gwoza,2,wand1278,Wandala,2,0.2721410699929479,0.7917,REACH NGA Dataset and Analysis North East Nigeria MSNA 2021 November 2021,https://repository.impact-initiatives.org/document/impact/0a02ead7/REACH-NGA-Dataset-and-Analysis-North-East-Nigeria-MSNA-2021-November-2021.xlsx,form,03-23-2022,07-08-2025 16:29:31,high
NG008023,Mobbar,2,haus1257,Hausa,2,0.11077156322336458,0.7917,REACH NGA Dataset and Analysis North East Nigeria MSNA 2021 November 2021,https://repository.impact-initiatives.org/document/impact/0a02ead7/REACH-NGA-Dataset-and-Analysis-North-East-Nigeria-MSNA-2021-November-2021.xlsx,form,03-23-2022,07-08-2025 16:29:31,high
NG008023,Mobbar,2,stan1293,English,4,0.009850477120745339,0.7917,REACH NGA Dataset and Analysis North East Nigeria MSNA 2021 November 2021,https://repository.impact-initiatives.org/document/impact/0a02ead7/REACH-NGA-Dataset-and-Analysis-North-East-Nigeria-MSNA-2021-November-2021.xlsx,form,03-23-2022,07-08-2025 16:29:31,high
NG008023,Mobbar,2,fula1265,Eastern Fula,3,0.05412769871280149,0.7917,REACH NGA Dataset and Analysis North East Nigeria MSNA 2021 November 2021,https://repository.impact-initiatives.org/document/impact/0a02ead7/REACH-NGA-Dataset-and-Analysis-North-East-Nigeria-MSNA-2021-November-2021.xlsx,form,03-23-2022,07-08-2025 16:29:31,high
NG008023,Mobbar,2,cent2050,Central Kanuri,1,0.8252502609430886,0.7917,REACH NGA Dataset and Analysis North East Nigeria MSNA 2021 November 2021,https://repository.impact-initiatives.org/document/impact/0a02ead7/REACH-NGA-Dataset-and-Analysis-North-East-Nigeria-MSNA-2021-November-2021.xlsx,form,03-23-2022,07-08-2025 16:29:31,high
NG008014,Kaga,2,haus1257,Hausa,2,0.04849318176923482,0.7917,REACH NGA Dataset and Analysis North East Nigeria MSNA 2021 November 2021,https://repository.impact-initiatives.org/document/impact/0a02ead7/REACH-NGA-Dataset-and-Analysis-North-East-Nigeria-MSNA-2021-November-2021.xlsx,form,03-23-2022,07-08-2025 16:29:31,high
NG008014,Kaga,2,stan1293,English,5,0.0028230993024926047,0.7917,REACH NGA Dataset and Analysis North East Nigeria MSNA 2021 November 2021,https://repository.impact-initiatives.org/document/impact/0a02ead7/REACH-NGA-Dataset-and-Analysis-North-East-Nigeria-MSNA-2021-November-2021.xlsx,form,03-23-2022,07-08-2025 16:29:31,high
NG008014,Kaga,2,fula1265,Eastern Fula,3,0.014365743325893294,0.7917,REACH NGA Dataset and Analysis North East Nigeria MSNA 2021 November 2021,https://repository.impact-initiatives.org/document/impact/0a02ead7/REACH-NGA-Dataset-and-Analysis-North-East-Nigeria-MSNA-2021-November-2021.xlsx,form,03-23-2022,07-08-2025 16:29:31,high
NG008014,Kaga,2,cent2050,Central Kanuri,1,0.9284215301839638,0.7917,REACH NGA Dataset and Analysis North East Nigeria MSNA 2021 November 2021,https://repository.impact-initiatives.org/document/impact/0a02ead7/REACH-NGA-Dataset-and-Analysis-North-East-Nigeria-MSNA-2021-November-2021.xlsx,form,03-23-2022,07-08-2025 16:29:31,high
NG008014,Kaga,2,chad1249,Chadian Arabic,4,0.0058964454184154795,0.7917,REACH NGA Dataset and Analysis North East Nigeria MSNA 2021 November 2021,https://repository.impact-initiatives.org/document/impact/0a02ead7/REACH-NGA-Dataset-and-Analysis-North-East-Nigeria-MSNA-2021-November-2021.xlsx,form,03-23-2022,07-08-2025 16:29:31,high
NG008024,Monguno,2,lama1288,Lamang,7,0.0061944766533536515,0.7917,REACH NGA Dataset and Analysis North East Nigeria MSNA 2021 November 2021,https://repository.impact-initiatives.org/document/impact/0a02ead7/REACH-NGA-Dataset-and-Analysis-North-East-Nigeria-MSNA-2021-November-2021.xlsx,form,03-23-2022,07-08-2025 16:29:31,high
NG008024,Monguno,2,glav1244,Glavda,7,0.0061944766533536515,0.7917,REACH NGA Dataset and Analysis North East Nigeria MSNA 2021 November 2021,https://repository.impact-initiatives.org/document/impact/0a02ead7/REACH-NGA-Dataset-and-Analysis-North-East-Nigeria-MSNA-2021-November-2021.xlsx,form,03-23-2022,07-08-2025 16:29:31,high
NG008024,Monguno,2,mafa1239,Mafa,7,0.0061944766533536515,0.7917,REACH NGA Dataset and Analysis North East Nigeria MSNA 2021 November 2021,https://repository.impact-initiatives.org/document/impact/0a02ead7/REACH-NGA-Dataset-and-Analysis-North-East-Nigeria-MSNA-2021-November-2021.xlsx,form,03-23-2022,07-08-2025 16:29:31,high
NG008024,Monguno,2,haus1257,Hausa,3,0.08703994941350168,0.7917,REACH NGA Dataset and Analysis North East Nigeria MSNA 2021 November 2021,https://repository.impact-initiatives.org/document/impact/0a02ead7/REACH-NGA-Dataset-and-Analysis-North-East-Nigeria-MSNA-2021-November-2021.xlsx,form,03-23-2022,07-08-2025 16:29:31,high
NG008024,Monguno,2,fula1265,Eastern Fula,4,0.06194476653353651,0.7917,REACH NGA Dataset and Analysis North East Nigeria MSNA 2021 November 2021,https://repository.impact-initiatives.org/document/impact/0a02ead7/REACH-NGA-Dataset-and-Analysis-North-East-Nigeria-MSNA-2021-November-2021.xlsx,form,03-23-2022,07-08-2025 16:29:31,high
NG008024,Monguno,2,cent2050,Central Kanuri,1,0.7333202276392424,0.7917,REACH NGA Dataset and Analysis North East Nigeria MSNA 2021 November 2021,https://repository.impact-initiatives.org/document/impact/0a02ead7/REACH-NGA-Dataset-and-Analysis-North-East-Nigeria-MSNA-2021-November-2021.xlsx,form,03-23-2022,07-08-2025 16:29:31,high
NG008024,Monguno,2,Unknown,Unknown,7,0.0061944766533536515,0.7917,REACH NGA Dataset and Analysis North East Nigeria MSNA 2021 November 2021,https://repository.impact-initiatives.org/document/impact/0a02ead7/REACH-NGA-Dataset-and-Analysis-North-East-Nigeria-MSNA-2021-November-2021.xlsx,form,03-23-2022,07-08-2025 16:29:31,high
NG008024,Monguno,2,chad1249,Chadian Arabic,2,0.09291714980030477,0.7917,REACH NGA Dataset and Analysis North East Nigeria MSNA 2021 November 2021,https://repository.impact-initiatives.org/document/impact/0a02ead7/REACH-NGA-Dataset-and-Analysis-North-East-Nigeria-MSNA-2021-November-2021.xlsx,form,03-23-2022,07-08-2025 16:29:31,high
NG036011,Machina,2,bura1272,Bura,4,0.011863410730585038,0.7917,REACH NGA Dataset and Analysis North East Nigeria MSNA 2021 November 2021,https://repository.impact-initiatives.org/document/impact/0a02ead7/REACH-NGA-Dataset-and-Analysis-North-East-Nigeria-MSNA-2021-November-2021.xlsx,form,03-23-2022,07-08-2025 16:29:31,high
NG036011,Machina,2,haus1257,Hausa,2,0.4211154456906361,0.7917,REACH NGA Dataset and Analysis North East Nigeria MSNA 2021 November 2021,https://repository.impact-initiatives.org/document/impact/0a02ead7/REACH-NGA-Dataset-and-Analysis-North-East-Nigeria-MSNA-2021-November-2021.xlsx,form,03-23-2022,07-08-2025 16:29:31,high
NG036011,Machina,2,fula1265,Eastern Fula,3,0.07472523350463262,0.7917,REACH NGA Dataset and Analysis North East Nigeria MSNA 2021 November 2021,https://repository.impact-initiatives.org/document/impact/0a02ead7/REACH-NGA-Dataset-and-Analysis-North-East-Nigeria-MSNA-2021-November-2021.xlsx,form,03-23-2022,07-08-2025 16:29:31,high
NG036011,Machina,2,cent2050,Central Kanuri,1,0.4922959100741463,0.7917,REACH NGA Dataset and Analysis North East Nigeria MSNA 2021 November 2021,https://repository.impact-initiatives.org/document/impact/0a02ead7/REACH-NGA-Dataset-and-Analysis-North-East-Nigeria-MSNA-2021-November-2021.xlsx,form,03-23-2022,07-08-2025 16:29:31,high
NG002012,Mayo-Belwa,2,nucl1240,Mumuye,8,0.021078451329235026,0.7917,REACH NGA Dataset and Analysis North East Nigeria MSNA 2021 November 2021,https://repository.impact-initiatives.org/document/impact/0a02ead7/REACH-NGA-Dataset-and-Analysis-North-East-Nigeria-MSNA-2021-November-2021.xlsx,form,03-23-2022,07-08-2025 16:29:31,high
NG002012,Mayo-Belwa,2,yend1241,Yendang,4,0.04215690265847005,0.7917,REACH NGA Dataset and Analysis North East Nigeria MSNA 2021 November 2021,https://repository.impact-initiatives.org/document/impact/0a02ead7/REACH-NGA-Dataset-and-Analysis-North-East-Nigeria-MSNA-2021-November-2021.xlsx,form,03-23-2022,07-08-2025 16:29:31,high
NG002012,Mayo-Belwa,2,nyin1250,Nyindrou,15,0.0070261504430783415,0.7917,REACH NGA Dataset and Analysis North East Nigeria MSNA 2021 November 2021,https://repository.impact-initiatives.org/document/impact/0a02ead7/REACH-NGA-Dataset-and-Analysis-North-East-Nigeria-MSNA-2021-November-2021.xlsx,form,03-23-2022,07-08-2025 16:29:31,high
NG002012,Mayo-Belwa,2,lama1288,Lamang,10,0.014052300886156683,0.7917,REACH NGA Dataset and Analysis North East Nigeria MSNA 2021 November 2021,https://repository.impact-initiatives.org/document/impact/0a02ead7/REACH-NGA-Dataset-and-Analysis-North-East-Nigeria-MSNA-2021-November-2021.xlsx,form,03-23-2022,07-08-2025 16:29:31,high
NG002012,Mayo-Belwa,2,glav1244,Glavda,15,0.0070261504430783415,0.7917,REACH NGA Dataset and Analysis North East Nigeria MSNA 2021 November 2021,https://repository.impact-initiatives.org/document/impact/0a02ead7/REACH-NGA-Dataset-and-Analysis-North-East-Nigeria-MSNA-2021-November-2021.xlsx,form,03-23-2022,07-08-2025 16:29:31,high
NG002012,Mayo-Belwa,2,kamw1239,Kamwe,11,0.013098969995521743,0.7917,REACH NGA Dataset and Analysis North East Nigeria MSNA 2021 November 2021,https://repository.impact-initiatives.org/document/impact/0a02ead7/REACH-NGA-Dataset-and-Analysis-North-East-Nigeria-MSNA-2021-November-2021.xlsx,form,03-23-2022,07-08-2025 16:29:31,high
NG002012,Mayo-Belwa,2,dera1248,Dera (Nigeria),15,0.0070261504430783415,0.7917,REACH NGA Dataset and Analysis North East Nigeria MSNA 2021 November 2021,https://repository.impact-initiatives.org/document/impact/0a02ead7/REACH-NGA-Dataset-and-Analysis-North-East-Nigeria-MSNA-2021-November-2021.xlsx,form,03-23-2022,07-08-2025 16:29:31,high
NG002012,Mayo-Belwa,2,haus1257,Hausa,2,0.1334968584184885,0.7917,REACH NGA Dataset and Analysis North East Nigeria MSNA 2021 November 2021,https://repository.impact-initiatives.org/document/impact/0a02ead7/REACH-NGA-Dataset-and-Analysis-North-East-Nigeria-MSNA-2021-November-2021.xlsx,form,03-23-2022,07-08-2025 16:29:31,high
NG002012,Mayo-Belwa,2,stan1293,English,15,0.0070261504430783415,0.7917,REACH NGA Dataset and Analysis North East Nigeria MSNA 2021 November 2021,https://repository.impact-initiatives.org/document/impact/0a02ead7/REACH-NGA-Dataset-and-Analysis-North-East-Nigeria-MSNA-2021-November-2021.xlsx,form,03-23-2022,07-08-2025 16:29:31,high
NG002012,Mayo-Belwa,2,baca1246,Bacama,10,0.014052300886156683,0.7917,REACH NGA Dataset and Analysis North East Nigeria MSNA 2021 November 2021,https://repository.impact-initiatives.org/document/impact/0a02ead7/REACH-NGA-Dataset-and-Analysis-North-East-Nigeria-MSNA-2021-November-2021.xlsx,form,03-23-2022,07-08-2025 16:29:31,high
NG002012,Mayo-Belwa,2,idom1241,Idoma,15,0.0070261504430783415,0.7917,REACH NGA Dataset and Analysis North East Nigeria MSNA 2021 November 2021,https://repository.impact-initiatives.org/document/impact/0a02ead7/REACH-NGA-Dataset-and-Analysis-North-East-Nigeria-MSNA-2021-November-2021.xlsx,form,03-23-2022,07-08-2025 16:29:31,high
NG002012,Mayo-Belwa,2,long1389,Longuda,3,0.07026150443078341,0.7917,REACH NGA Dataset and Analysis North East Nigeria MSNA 2021 November 2021,https://repository.impact-initiatives.org/document/impact/0a02ead7/REACH-NGA-Dataset-and-Analysis-North-East-Nigeria-MSNA-2021-November-2021.xlsx,form,03-23-2022,07-08-2025 16:29:31,high
NG002012,Mayo-Belwa,2,juku1259,Jukun,5,0.035130752215391706,0.7917,REACH NGA Dataset and Analysis North East Nigeria MSNA 2021 November 2021,https://repository.impact-initiatives.org/document/impact/0a02ead7/REACH-NGA-Dataset-and-Analysis-North-East-Nigeria-MSNA-2021-November-2021.xlsx,form,03-23-2022,07-08-2025 16:29:31,high
NG002012,Mayo-Belwa,2,cham1337,Chamba Donga,6,0.03417742132475677,0.7917,REACH NGA Dataset and Analysis North East Nigeria MSNA 2021 November 2021,https://repository.impact-initiatives.org/document/impact/0a02ead7/REACH-NGA-Dataset-and-Analysis-North-East-Nigeria-MSNA-2021-November-2021.xlsx,form,03-23-2022,07-08-2025 16:29:31,high
NG002012,Mayo-Belwa,2,fula1265,Eastern Fula,1,0.5471135447624476,0.7917,REACH NGA Dataset and Analysis North East Nigeria MSNA 2021 November 2021,https://repository.impact-initiatives.org/document/impact/0a02ead7/REACH-NGA-Dataset-and-Analysis-North-East-Nigeria-MSNA-2021-November-2021.xlsx,form,03-23-2022,07-08-2025 16:29:31,high
NG002012,Mayo-Belwa,2,bium1270,Marghic,15,0.0070261504430783415,0.7917,REACH NGA Dataset and Analysis North East Nigeria MSNA 2021 November 2021,https://repository.impact-initiatives.org/document/impact/0a02ead7/REACH-NGA-Dataset-and-Analysis-North-East-Nigeria-MSNA-2021-November-2021.xlsx,form,03-23-2022,07-08-2025 16:29:31,high
NG002012,Mayo-Belwa,2,chad1249,Chadian Arabic,7,0.03322409043412183,0.7917,REACH NGA Dataset and Analysis North East Nigeria MSNA 2021 November 2021,https://repository.impact-initiatives.org/document/impact/0a02ead7/REACH-NGA-Dataset-and-Analysis-North-East-Nigeria-MSNA-2021-November-2021.xlsx,form,03-23-2022,07-08-2025 16:29:31,high
NG008020,Magumeri,2,haus1257,Hausa,2,0.3138250633007067,0.7917,REACH NGA Dataset and Analysis North East Nigeria MSNA 2021 November 2021,https://repository.impact-initiatives.org/document/impact/0a02ead7/REACH-NGA-Dataset-and-Analysis-North-East-Nigeria-MSNA-2021-November-2021.xlsx,form,03-23-2022,07-08-2025 16:29:31,high
NG008020,Magumeri,2,kilb1234,Kilba-South Margi,5,0.004563844483915526,0.7917,REACH NGA Dataset and Analysis North East Nigeria MSNA 2021 November 2021,https://repository.impact-initiatives.org/document/impact/0a02ead7/REACH-NGA-Dataset-and-Analysis-North-East-Nigeria-MSNA-2021-November-2021.xlsx,form,03-23-2022,07-08-2025 16:29:31,high
NG008020,Magumeri,2,fula1265,Eastern Fula,3,0.009127688967831052,0.7917,REACH NGA Dataset and Analysis North East Nigeria MSNA 2021 November 2021,https://repository.impact-initiatives.org/document/impact/0a02ead7/REACH-NGA-Dataset-and-Analysis-North-East-Nigeria-MSNA-2021-November-2021.xlsx,form,03-23-2022,07-08-2025 16:29:31,high
NG008020,Magumeri,2,cent2050,Central Kanuri,1,0.6679195587636312,0.7917,REACH NGA Dataset and Analysis North East Nigeria MSNA 2021 November 2021,https://repository.impact-initiatives.org/document/impact/0a02ead7/REACH-NGA-Dataset-and-Analysis-North-East-Nigeria-MSNA-2021-November-2021.xlsx,form,03-23-2022,07-08-2025 16:29:31,high
NG008020,Magumeri,2,bium1270,Marghic,5,0.004563844483915526,0.7917,REACH NGA Dataset and Analysis North East Nigeria MSNA 2021 November 2021,https://repository.impact-initiatives.org/document/impact/0a02ead7/REACH-NGA-Dataset-and-Analysis-North-East-Nigeria-MSNA-2021-November-2021.xlsx,form,03-23-2022,07-08-2025 16:29:31,high
NG002005,Girei,2,kamw1239,Kamwe,4,0.030876372107715398,0.7917,REACH NGA Dataset and Analysis North East Nigeria MSNA 2021 November 2021,https://repository.impact-initiatives.org/document/impact/0a02ead7/REACH-NGA-Dataset-and-Analysis-North-East-Nigeria-MSNA-2021-November-2021.xlsx,form,03-23-2022,07-08-2025 16:29:31,high
NG002005,Girei,2,dera1248,Dera (Nigeria),7,0.006358419542499143,0.7917,REACH NGA Dataset and Analysis North East Nigeria MSNA 2021 November 2021,https://repository.impact-initiatives.org/document/impact/0a02ead7/REACH-NGA-Dataset-and-Analysis-North-East-Nigeria-MSNA-2021-November-2021.xlsx,form,03-23-2022,07-08-2025 16:29:31,high
NG002005,Girei,2,haus1257,Hausa,2,0.3655832938482192,0.7917,REACH NGA Dataset and Analysis North East Nigeria MSNA 2021 November 2021,https://repository.impact-initiatives.org/document/impact/0a02ead7/REACH-NGA-Dataset-and-Analysis-North-East-Nigeria-MSNA-2021-November-2021.xlsx,form,03-23-2022,07-08-2025 16:29:31,high
NG002005,Girei,2,baca1246,Bacama,5,0.012258976282608127,0.7917,REACH NGA Dataset and Analysis North East Nigeria MSNA 2021 November 2021,https://repository.impact-initiatives.org/document/impact/0a02ead7/REACH-NGA-Dataset-and-Analysis-North-East-Nigeria-MSNA-2021-November-2021.xlsx,form,03-23-2022,07-08-2025 16:29:31,high
NG002005,Girei,2,kilb1234,Kilba-South Margi,7,0.006358419542499143,0.7917,REACH NGA Dataset and Analysis North East Nigeria MSNA 2021 November 2021,https://repository.impact-initiatives.org/document/impact/0a02ead7/REACH-NGA-Dataset-and-Analysis-North-East-Nigeria-MSNA-2021-November-2021.xlsx,form,03-23-2022,07-08-2025 16:29:31,high
NG002005,Girei,2,fula1265,Eastern Fula,1,0.5195589512753691,0.7917,REACH NGA Dataset and Analysis North East Nigeria MSNA 2021 November 2021,https://repository.impact-initiatives.org/document/impact/0a02ead7/REACH-NGA-Dataset-and-Analysis-North-East-Nigeria-MSNA-2021-November-2021.xlsx,form,03-23-2022,07-08-2025 16:29:31,high
NG002005,Girei,2,bium1270,Marghic,3,0.05900556740108983,0.7917,REACH NGA Dataset and Analysis North East Nigeria MSNA 2021 November 2021,https://repository.impact-initiatives.org/document/impact/0a02ead7/REACH-NGA-Dataset-and-Analysis-North-East-Nigeria-MSNA-2021-November-2021.xlsx,form,03-23-2022,07-08-2025 16:29:31,high
NG008003,Bama,2,mafa1239,Mafa,4,0.036784847099801614,0.7917,REACH NGA Dataset and Analysis North East Nigeria MSNA 2021 November 2021,https://repository.impact-initiatives.org/document/impact/0a02ead7/REACH-NGA-Dataset-and-Analysis-North-East-Nigeria-MSNA-2021-November-2021.xlsx,form,03-23-2022,07-08-2025 16:29:31,high
NG008003,Bama,2,haus1257,Hausa,2,0.07277714498137428,0.7917,REACH NGA Dataset and Analysis North East Nigeria MSNA 2021 November 2021,https://repository.impact-initiatives.org/document/impact/0a02ead7/REACH-NGA-Dataset-and-Analysis-North-East-Nigeria-MSNA-2021-November-2021.xlsx,form,03-23-2022,07-08-2025 16:29:31,high
NG008003,Bama,2,koka1244,Kokata,3,0.05175723235291622,0.7917,REACH NGA Dataset and Analysis North East Nigeria MSNA 2021 November 2021,https://repository.impact-initiatives.org/document/impact/0a02ead7/REACH-NGA-Dataset-and-Analysis-North-East-Nigeria-MSNA-2021-November-2021.xlsx,form,03-23-2022,07-08-2025 16:29:31,high
NG008003,Bama,2,cent2050,Central Kanuri,1,0.776175822133294,0.7917,REACH NGA Dataset and Analysis North East Nigeria MSNA 2021 November 2021,https://repository.impact-initiatives.org/document/impact/0a02ead7/REACH-NGA-Dataset-and-Analysis-North-East-Nigeria-MSNA-2021-November-2021.xlsx,form,03-23-2022,07-08-2025 16:29:31,high
NG008003,Bama,2,wand1278,Wandala,6,0.031212849255395518,0.7917,REACH NGA Dataset and Analysis North East Nigeria MSNA 2021 November 2021,https://repository.impact-initiatives.org/document/impact/0a02ead7/REACH-NGA-Dataset-and-Analysis-North-East-Nigeria-MSNA-2021-November-2021.xlsx,form,03-23-2022,07-08-2025 16:29:31,high
NG008003,Bama,2,chad1249,Chadian Arabic,5,0.031292104177218415,0.7917,REACH NGA Dataset and Analysis North East Nigeria MSNA 2021 November 2021,https://repository.impact-initiatives.org/document/impact/0a02ead7/REACH-NGA-Dataset-and-Analysis-North-East-Nigeria-MSNA-2021-November-2021.xlsx,form,03-23-2022,07-08-2025 16:29:31,high
NG002002,Fufore,2,momj1237,Mom Jango,20,0.00459390474471648,0.7917,REACH NGA Dataset and Analysis North East Nigeria MSNA 2021 November 2021,https://repository.impact-initiatives.org/document/impact/0a02ead7/REACH-NGA-Dataset-and-Analysis-North-East-Nigeria-MSNA-2021-November-2021.xlsx,form,03-23-2022,07-08-2025 16:29:31,high
NG002002,Fufore,2,nucl1240,Mumuye,9,0.01837561897886592,0.7917,REACH NGA Dataset and Analysis North East Nigeria MSNA 2021 November 2021,https://repository.impact-initiatives.org/document/impact/0a02ead7/REACH-NGA-Dataset-and-Analysis-North-East-Nigeria-MSNA-2021-November-2021.xlsx,form,03-23-2022,07-08-2025 16:29:31,high
NG002002,Fufore,2,yend1241,Yendang,6,0.025063817112685464,0.7917,REACH NGA Dataset and Analysis North East Nigeria MSNA 2021 November 2021,https://repository.impact-initiatives.org/document/impact/0a02ead7/REACH-NGA-Dataset-and-Analysis-North-East-Nigeria-MSNA-2021-November-2021.xlsx,form,03-23-2022,07-08-2025 16:29:31,high
NG002002,Fufore,2,west2422,Western Mewahang,20,0.00459390474471648,0.7917,REACH NGA Dataset and Analysis North East Nigeria MSNA 2021 November 2021,https://repository.impact-initiatives.org/document/impact/0a02ead7/REACH-NGA-Dataset-and-Analysis-North-East-Nigeria-MSNA-2021-November-2021.xlsx,form,03-23-2022,07-08-2025 16:29:31,high
NG002002,Fufore,2,glav1244,Glavda,16,0.007231939714691776,0.7917,REACH NGA Dataset and Analysis North East Nigeria MSNA 2021 November 2021,https://repository.impact-initiatives.org/document/impact/0a02ead7/REACH-NGA-Dataset-and-Analysis-North-East-Nigeria-MSNA-2021-November-2021.xlsx,form,03-23-2022,07-08-2025 16:29:31,high
NG002002,Fufore,2,kamw1239,Kamwe,11,0.00941519788784433,0.7917,REACH NGA Dataset and Analysis North East Nigeria MSNA 2021 November 2021,https://repository.impact-initiatives.org/document/impact/0a02ead7/REACH-NGA-Dataset-and-Analysis-North-East-Nigeria-MSNA-2021-November-2021.xlsx,form,03-23-2022,07-08-2025 16:29:31,high
NG002002,Fufore,2,haus1257,Hausa,2,0.2607750401636702,0.7917,REACH NGA Dataset and Analysis North East Nigeria MSNA 2021 November 2021,https://repository.impact-initiatives.org/document/impact/0a02ead7/REACH-NGA-Dataset-and-Analysis-North-East-Nigeria-MSNA-2021-November-2021.xlsx,form,03-23-2022,07-08-2025 16:29:31,high
NG002002,Fufore,2,baca1246,Bacama,4,0.034251626602118425,0.7917,REACH NGA Dataset and Analysis North East Nigeria MSNA 2021 November 2021,https://repository.impact-initiatives.org/document/impact/0a02ead7/REACH-NGA-Dataset-and-Analysis-North-East-Nigeria-MSNA-2021-November-2021.xlsx,form,03-23-2022,07-08-2025 16:29:31,high
NG002002,Fufore,2,bata1314,Bata,14,0.00918780948943296,0.7917,REACH NGA Dataset and Analysis North East Nigeria MSNA 2021 November 2021,https://repository.impact-initiatives.org/document/impact/0a02ead7/REACH-NGA-Dataset-and-Analysis-North-East-Nigeria-MSNA-2021-November-2021.xlsx,form,03-23-2022,07-08-2025 16:29:31,high
NG002002,Fufore,2,suku1272,Sukur,24,0.0024106465715639253,0.7917,REACH NGA Dataset and Analysis North East Nigeria MSNA 2021 November 2021,https://repository.impact-initiatives.org/document/impact/0a02ead7/REACH-NGA-Dataset-and-Analysis-North-East-Nigeria-MSNA-2021-November-2021.xlsx,form,03-23-2022,07-08-2025 16:29:31,high
NG002002,Fufore,2,nucl1695,Bole,20,0.00459390474471648,0.7917,REACH NGA Dataset and Analysis North East Nigeria MSNA 2021 November 2021,https://repository.impact-initiatives.org/document/impact/0a02ead7/REACH-NGA-Dataset-and-Analysis-North-East-Nigeria-MSNA-2021-November-2021.xlsx,form,03-23-2022,07-08-2025 16:29:31,high
NG002002,Fufore,2,bile1244,Bile,14,0.00918780948943296,0.7917,REACH NGA Dataset and Analysis North East Nigeria MSNA 2021 November 2021,https://repository.impact-initiatives.org/document/impact/0a02ead7/REACH-NGA-Dataset-and-Analysis-North-East-Nigeria-MSNA-2021-November-2021.xlsx,form,03-23-2022,07-08-2025 16:29:31,high
NG002002,Fufore,2,nucl1417,Igbo,14,0.00918780948943296,0.7917,REACH NGA Dataset and Analysis North East Nigeria MSNA 2021 November 2021,https://repository.impact-initiatives.org/document/impact/0a02ead7/REACH-NGA-Dataset-and-Analysis-North-East-Nigeria-MSNA-2021-November-2021.xlsx,form,03-23-2022,07-08-2025 16:29:31,high
NG002002,Fufore,2,bari1284,Bari,20,0.00459390474471648,0.7917,REACH NGA Dataset and Analysis North East Nigeria MSNA 2021 November 2021,https://repository.impact-initiatives.org/document/impact/0a02ead7/REACH-NGA-Dataset-and-Analysis-North-East-Nigeria-MSNA-2021-November-2021.xlsx,form,03-23-2022,07-08-2025 16:29:31,high
NG002002,Fufore,2,kilb1234,Kilba-South Margi,10,0.013781714234149438,0.7917,REACH NGA Dataset and Analysis North East Nigeria MSNA 2021 November 2021,https://repository.impact-initiatives.org/document/impact/0a02ead7/REACH-NGA-Dataset-and-Analysis-North-East-Nigeria-MSNA-2021-November-2021.xlsx,form,03-23-2022,07-08-2025 16:29:31,high
NG002002,Fufore,2,bata1320,Bata-Bwatiye,20,0.00459390474471648,0.7917,REACH NGA Dataset and Analysis North East Nigeria MSNA 2021 November 2021,https://repository.impact-initiatives.org/document/impact/0a02ead7/REACH-NGA-Dataset-and-Analysis-North-East-Nigeria-MSNA-2021-November-2021.xlsx,form,03-23-2022,07-08-2025 16:29:31,high
NG002002,Fufore,2,juku1259,Jukun,14,0.00918780948943296,0.7917,REACH NGA Dataset and Analysis North East Nigeria MSNA 2021 November 2021,https://repository.impact-initiatives.org/document/impact/0a02ead7/REACH-NGA-Dataset-and-Analysis-North-East-Nigeria-MSNA-2021-November-2021.xlsx,form,03-23-2022,07-08-2025 16:29:31,high
NG002002,Fufore,2,bena1259,Bena,24,0.0024106465715639253,0.7917,REACH NGA Dataset and Analysis North East Nigeria MSNA 2021 November 2021,https://repository.impact-initiatives.org/document/impact/0a02ead7/REACH-NGA-Dataset-and-Analysis-North-East-Nigeria-MSNA-2021-November-2021.xlsx,form,03-23-2022,07-08-2025 16:29:31,high
NG002002,Fufore,2,Unknown,Unknown,20,0.00459390474471648,0.7917,REACH NGA Dataset and Analysis North East Nigeria MSNA 2021 November 2021,https://repository.impact-initiatives.org/document/impact/0a02ead7/REACH-NGA-Dataset-and-Analysis-North-East-Nigeria-MSNA-2021-November-2021.xlsx,form,03-23-2022,07-08-2025 16:29:31,high
NG002002,Fufore,2,cham1337,Chamba Donga,3,0.1006605864172522,0.7917,REACH NGA Dataset and Analysis North East Nigeria MSNA 2021 November 2021,https://repository.impact-initiatives.org/document/impact/0a02ead7/REACH-NGA-Dataset-and-Analysis-North-East-Nigeria-MSNA-2021-November-2021.xlsx,form,03-23-2022,07-08-2025 16:29:31,high
NG002002,Fufore,2,fula1265,Eastern Fula,1,0.3831214928484224,0.7917,REACH NGA Dataset and Analysis North East Nigeria MSNA 2021 November 2021,https://repository.impact-initiatives.org/document/impact/0a02ead7/REACH-NGA-Dataset-and-Analysis-North-East-Nigeria-MSNA-2021-November-2021.xlsx,form,03-23-2022,07-08-2025 16:29:31,high
NG002002,Fufore,2,cent2050,Central Kanuri,5,0.03352166360348358,0.7917,REACH NGA Dataset and Analysis North East Nigeria MSNA 2021 November 2021,https://repository.impact-initiatives.org/document/impact/0a02ead7/REACH-NGA-Dataset-and-Analysis-North-East-Nigeria-MSNA-2021-November-2021.xlsx,form,03-23-2022,07-08-2025 16:29:31,high
NG002002,Fufore,2,laka1252,Laka of Lau (Nigeria),9,0.01837561897886592,0.7917,REACH NGA Dataset and Analysis North East Nigeria MSNA 2021 November 2021,https://repository.impact-initiatives.org/document/impact/0a02ead7/REACH-NGA-Dataset-and-Analysis-North-East-Nigeria-MSNA-2021-November-2021.xlsx,form,03-23-2022,07-08-2025 16:29:31,high
NG002002,Fufore,2,bium1270,Marghic,7,0.02387907731722788,0.7917,REACH NGA Dataset and Analysis North East Nigeria MSNA 2021 November 2021,https://repository.impact-initiatives.org/document/impact/0a02ead7/REACH-NGA-Dataset-and-Analysis-North-East-Nigeria-MSNA-2021-November-2021.xlsx,form,03-23-2022,07-08-2025 16:29:31,high
NG002002,Fufore,2,chad1249,Chadian Arabic,24,0.0024106465715639253,0.7917,REACH NGA Dataset and Analysis North East Nigeria MSNA 2021 November 2021,https://repository.impact-initiatives.org/document/impact/0a02ead7/REACH-NGA-Dataset-and-Analysis-North-East-Nigeria-MSNA-2021-November-2021.xlsx,form,03-23-2022,07-08-2025 16:29:31,high
NG002019,Toungo,2,nucl1240,Mumuye,4,0.03640063301397483,0.7917,REACH NGA Dataset and Analysis North East Nigeria MSNA 2021 November 2021,https://repository.impact-initiatives.org/document/impact/0a02ead7/REACH-NGA-Dataset-and-Analysis-North-East-Nigeria-MSNA-2021-November-2021.xlsx,form,03-23-2022,07-08-2025 16:29:31,high
NG002019,Toungo,2,waja1259,Waja,9,0.008896495741959025,0.7917,REACH NGA Dataset and Analysis North East Nigeria MSNA 2021 November 2021,https://repository.impact-initiatives.org/document/impact/0a02ead7/REACH-NGA-Dataset-and-Analysis-North-East-Nigeria-MSNA-2021-November-2021.xlsx,form,03-23-2022,07-08-2025 16:29:31,high
NG002019,Toungo,2,haus1257,Hausa,3,0.15449902779785835,0.7917,REACH NGA Dataset and Analysis North East Nigeria MSNA 2021 November 2021,https://repository.impact-initiatives.org/document/impact/0a02ead7/REACH-NGA-Dataset-and-Analysis-North-East-Nigeria-MSNA-2021-November-2021.xlsx,form,03-23-2022,07-08-2025 16:29:31,high
NG002019,Toungo,2,stan1293,English,5,0.020800361722271333,0.7917,REACH NGA Dataset and Analysis North East Nigeria MSNA 2021 November 2021,https://repository.impact-initiatives.org/document/impact/0a02ead7/REACH-NGA-Dataset-and-Analysis-North-East-Nigeria-MSNA-2021-November-2021.xlsx,form,03-23-2022,07-08-2025 16:29:31,high
NG002019,Toungo,2,tivv1240,Tiv,11,0.005200090430567833,0.7917,REACH NGA Dataset and Analysis North East Nigeria MSNA 2021 November 2021,https://repository.impact-initiatives.org/document/impact/0a02ead7/REACH-NGA-Dataset-and-Analysis-North-East-Nigeria-MSNA-2021-November-2021.xlsx,form,03-23-2022,07-08-2025 16:29:31,high
NG002019,Toungo,2,long1389,Longuda,7,0.010400180861135666,0.7917,REACH NGA Dataset and Analysis North East Nigeria MSNA 2021 November 2021,https://repository.impact-initiatives.org/document/impact/0a02ead7/REACH-NGA-Dataset-and-Analysis-North-East-Nigeria-MSNA-2021-November-2021.xlsx,form,03-23-2022,07-08-2025 16:29:31,high
NG002019,Toungo,2,cham1337,Chamba Donga,2,0.3276056971257735,0.7917,REACH NGA Dataset and Analysis North East Nigeria MSNA 2021 November 2021,https://repository.impact-initiatives.org/document/impact/0a02ead7/REACH-NGA-Dataset-and-Analysis-North-East-Nigeria-MSNA-2021-November-2021.xlsx,form,03-23-2022,07-08-2025 16:29:31,high
NG002019,Toungo,2,fula1265,Eastern Fula,1,0.41170074627279696,0.7917,REACH NGA Dataset and Analysis North East Nigeria MSNA 2021 November 2021,https://repository.impact-initiatives.org/document/impact/0a02ead7/REACH-NGA-Dataset-and-Analysis-North-East-Nigeria-MSNA-2021-November-2021.xlsx,form,03-23-2022,07-08-2025 16:29:31,high
NG002019,Toungo,2,cent2050,Central Kanuri,7,0.010400180861135666,0.7917,REACH NGA Dataset and Analysis North East Nigeria MSNA 2021 November 2021,https://repository.impact-initiatives.org/document/impact/0a02ead7/REACH-NGA-Dataset-and-Analysis-North-East-Nigeria-MSNA-2021-November-2021.xlsx,form,03-23-2022,07-08-2025 16:29:31,high
NG002019,Toungo,2,bium1270,Marghic,9,0.008896495741959025,0.7917,REACH NGA Dataset and Analysis North East Nigeria MSNA 2021 November 2021,https://repository.impact-initiatives.org/document/impact/0a02ead7/REACH-NGA-Dataset-and-Analysis-North-East-Nigeria-MSNA-2021-November-2021.xlsx,form,03-23-2022,07-08-2025 16:29:31,high
NG002019,Toungo,2,Unknown,Unknown,11,0.005200090430567833,0.7917,REACH NGA Dataset and Analysis North East Nigeria MSNA 2021 November 2021,https://repository.impact-initiatives.org/document/impact/0a02ead7/REACH-NGA-Dataset-and-Analysis-North-East-Nigeria-MSNA-2021-November-2021.xlsx,form,03-23-2022,07-08-2025 16:29:31,high
NG008009,Gubio,2,haus1257,Hausa,2,0.08657478795170553,0.7917,REACH NGA Dataset and Analysis North East Nigeria MSNA 2021 November 2021,https://repository.impact-initiatives.org/document/impact/0a02ead7/REACH-NGA-Dataset-and-Analysis-North-East-Nigeria-MSNA-2021-November-2021.xlsx,form,03-23-2022,07-08-2025 16:29:31,high
NG008009,Gubio,2,fula1265,Eastern Fula,3,0.009734499160715915,0.7917,REACH NGA Dataset and Analysis North East Nigeria MSNA 2021 November 2021,https://repository.impact-initiatives.org/document/impact/0a02ead7/REACH-NGA-Dataset-and-Analysis-North-East-Nigeria-MSNA-2021-November-2021.xlsx,form,03-23-2022,07-08-2025 16:29:31,high
NG008009,Gubio,2,cent2050,Central Kanuri,1,0.8988234633072206,0.7917,REACH NGA Dataset and Analysis North East Nigeria MSNA 2021 November 2021,https://repository.impact-initiatives.org/document/impact/0a02ead7/REACH-NGA-Dataset-and-Analysis-North-East-Nigeria-MSNA-2021-November-2021.xlsx,form,03-23-2022,07-08-2025 16:29:31,high
NG008009,Gubio,2,bium1270,Marghic,4,0.004867249580357958,0.7917,REACH NGA Dataset and Analysis North East Nigeria MSNA 2021 November 2021,https://repository.impact-initiatives.org/document/impact/0a02ead7/REACH-NGA-Dataset-and-Analysis-North-East-Nigeria-MSNA-2021-November-2021.xlsx,form,03-23-2022,07-08-2025 16:29:31,high
NG008015,Kala/Balge,2,afad1236,Afade,3,0.0025765133776942885,0.7917,REACH NGA Dataset and Analysis North East Nigeria MSNA 2021 November 2021,https://repository.impact-initiatives.org/document/impact/0a02ead7/REACH-NGA-Dataset-and-Analysis-North-East-Nigeria-MSNA-2021-November-2021.xlsx,form,03-23-2022,07-08-2025 16:29:31,high
NG008015,Kala/Balge,2,cent2050,Central Kanuri,1,0.5109407156012062,0.7917,REACH NGA Dataset and Analysis North East Nigeria MSNA 2021 November 2021,https://repository.impact-initiatives.org/document/impact/0a02ead7/REACH-NGA-Dataset-and-Analysis-North-East-Nigeria-MSNA-2021-November-2021.xlsx,form,03-23-2022,07-08-2025 16:29:31,high
NG008015,Kala/Balge,2,chad1249,Chadian Arabic,2,0.4864827710210995,0.7917,REACH NGA Dataset and Analysis North East Nigeria MSNA 2021 November 2021,https://repository.impact-initiatives.org/document/impact/0a02ead7/REACH-NGA-Dataset-and-Analysis-North-East-Nigeria-MSNA-2021-November-2021.xlsx,form,03-23-2022,07-08-2025 16:29:31,high
NG008008,Dikwa,2,haus1257,Hausa,3,0.013725157355287164,0.7917,REACH NGA Dataset and Analysis North East Nigeria MSNA 2021 November 2021,https://repository.impact-initiatives.org/document/impact/0a02ead7/REACH-NGA-Dataset-and-Analysis-North-East-Nigeria-MSNA-2021-November-2021.xlsx,form,03-23-2022,07-08-2025 16:29:31,high
NG008008,Dikwa,2,cent2050,Central Kanuri,1,0.8907851822270619,0.7917,REACH NGA Dataset and Analysis North East Nigeria MSNA 2021 November 2021,https://repository.impact-initiatives.org/document/impact/0a02ead7/REACH-NGA-Dataset-and-Analysis-North-East-Nigeria-MSNA-2021-November-2021.xlsx,form,03-23-2022,07-08-2025 16:29:31,high
NG008008,Dikwa,2,chad1249,Chadian Arabic,2,0.09548966041765086,0.7917,REACH NGA Dataset and Analysis North East Nigeria MSNA 2021 November 2021,https://repository.impact-initiatives.org/document/impact/0a02ead7/REACH-NGA-Dataset-and-Analysis-North-East-Nigeria-MSNA-2021-November-2021.xlsx,form,03-23-2022,07-08-2025 16:29:31,high
NG021002,Batagarawa,2,haus1257,Hausa,1,0.9925460384000061,0.65262,REACH Northwest Nigeria MSNA 2022 Data & Analysis,https://repository.impact-initiatives.org/document/impact/c011a778/REACH-NGA2105-NW-MSNA-Datasets-Analysis.xlsx,form,02-07-2023,07-09-2025 07:28:56,moderate
NG021002,Batagarawa,2,stan1293,English,2,0.00573786943129339,0.65262,REACH Northwest Nigeria MSNA 2022 Data & Analysis,https://repository.impact-initiatives.org/document/impact/c011a778/REACH-NGA2105-NW-MSNA-Datasets-Analysis.xlsx,form,02-07-2023,07-09-2025 07:28:56,moderate
NG021002,Batagarawa,2,fula1264,Fula,3,0.001716092168700497,0.65262,REACH Northwest Nigeria MSNA 2022 Data & Analysis,https://repository.impact-initiatives.org/document/impact/c011a778/REACH-NGA2105-NW-MSNA-Datasets-Analysis.xlsx,form,02-07-2023,07-09-2025 07:28:56,moderate
NG021016,Jibia,2,haus1257,Hausa,1,1.0,0.65262,REACH Northwest Nigeria MSNA 2022 Data & Analysis,https://repository.impact-initiatives.org/document/impact/c011a778/REACH-NGA2105-NW-MSNA-Datasets-Analysis.xlsx,form,02-07-2023,07-09-2025 07:28:56,moderate
NG021003,Batsari,2,haus1257,Hausa,1,1.0,0.65262,REACH Northwest Nigeria MSNA 2022 Data & Analysis,https://repository.impact-initiatives.org/document/impact/c011a778/REACH-NGA2105-NW-MSNA-Datasets-Analysis.xlsx,form,02-07-2023,07-09-2025 07:28:56,moderate
NG021018,Kaita,2,haus1257,Hausa,1,0.993114887156563,0.65262,REACH Northwest Nigeria MSNA 2022 Data & Analysis,https://repository.impact-initiatives.org/document/impact/c011a778/REACH-NGA2105-NW-MSNA-Datasets-Analysis.xlsx,form,02-07-2023,07-09-2025 07:28:56,moderate
NG021018,Kaita,2,fula1264,Fula,2,0.006885112843436903,0.65262,REACH Northwest Nigeria MSNA 2022 Data & Analysis,https://repository.impact-initiatives.org/document/impact/c011a778/REACH-NGA2105-NW-MSNA-Datasets-Analysis.xlsx,form,02-07-2023,07-09-2025 07:28:56,moderate
NG034015,Silame,2,haus1257,Hausa,1,0.993855029186124,0.65262,REACH Northwest Nigeria MSNA 2022 Data & Analysis,https://repository.impact-initiatives.org/document/impact/c011a778/REACH-NGA2105-NW-MSNA-Datasets-Analysis.xlsx,form,02-07-2023,07-09-2025 07:28:56,moderate
NG034015,Silame,2,stan1293,English,2,0.006144970813875953,0.65262,REACH Northwest Nigeria MSNA 2022 Data & Analysis,https://repository.impact-initiatives.org/document/impact/c011a778/REACH-NGA2105-NW-MSNA-Datasets-Analysis.xlsx,form,02-07-2023,07-09-2025 07:28:56,moderate
NG034016,Sokoto North,2,yoru1245,Yoruba,3,0.0009372177768167108,0.65262,REACH Northwest Nigeria MSNA 2022 Data & Analysis,https://repository.impact-initiatives.org/document/impact/c011a778/REACH-NGA2105-NW-MSNA-Datasets-Analysis.xlsx,form,02-07-2023,07-09-2025 07:28:56,moderate
NG034016,Sokoto North,2,haus1257,Hausa,1,0.9655774883621194,0.65262,REACH Northwest Nigeria MSNA 2022 Data & Analysis,https://repository.impact-initiatives.org/document/impact/c011a778/REACH-NGA2105-NW-MSNA-Datasets-Analysis.xlsx,form,02-07-2023,07-09-2025 07:28:56,moderate
NG034016,Sokoto North,2,fula1264,Fula,2,0.033485293861063824,0.65262,REACH Northwest Nigeria MSNA 2022 Data & Analysis,https://repository.impact-initiatives.org/document/impact/c011a778/REACH-NGA2105-NW-MSNA-Datasets-Analysis.xlsx,form,02-07-2023,07-09-2025 07:28:56,moderate
NG034017,Sokoto South,2,yoru1245,Yoruba,3,0.020499052407462498,0.65262,REACH Northwest Nigeria MSNA 2022 Data & Analysis,https://repository.impact-initiatives.org/document/impact/c011a778/REACH-NGA2105-NW-MSNA-Datasets-Analysis.xlsx,form,02-07-2023,07-09-2025 07:28:56,moderate
NG034017,Sokoto South,2,haus1257,Hausa,1,0.9570699091057187,0.65262,REACH Northwest Nigeria MSNA 2022 Data & Analysis,https://repository.impact-initiatives.org/document/impact/c011a778/REACH-NGA2105-NW-MSNA-Datasets-Analysis.xlsx,form,02-07-2023,07-09-2025 07:28:56,moderate
NG034017,Sokoto South,2,fula1264,Fula,2,0.022431038486818797,0.65262,REACH Northwest Nigeria MSNA 2022 Data & Analysis,https://repository.impact-initiatives.org/document/impact/c011a778/REACH-NGA2105-NW-MSNA-Datasets-Analysis.xlsx,form,02-07-2023,07-09-2025 07:28:56,moderate
NG021006,Charanchi,2,haus1257,Hausa,1,0.9903778368962889,0.65262,REACH Northwest Nigeria MSNA 2022 Data & Analysis,https://repository.impact-initiatives.org/document/impact/c011a778/REACH-NGA2105-NW-MSNA-Datasets-Analysis.xlsx,form,02-07-2023,07-09-2025 07:28:56,moderate
NG021006,Charanchi,2,stan1293,English,2,0.009622163103711131,0.65262,REACH Northwest Nigeria MSNA 2022 Data & Analysis,https://repository.impact-initiatives.org/document/impact/c011a778/REACH-NGA2105-NW-MSNA-Datasets-Analysis.xlsx,form,02-07-2023,07-09-2025 07:28:56,moderate
NG021030,Rimi,2,haus1257,Hausa,1,1.0,0.65262,REACH Northwest Nigeria MSNA 2022 Data & Analysis,https://repository.impact-initiatives.org/document/impact/c011a778/REACH-NGA2105-NW-MSNA-Datasets-Analysis.xlsx,form,02-07-2023,07-09-2025 07:28:56,moderate
NG034002,Bodinga,2,haus1257,Hausa,1,0.9601976230288977,0.65262,REACH Northwest Nigeria MSNA 2022 Data & Analysis,https://repository.impact-initiatives.org/document/impact/c011a778/REACH-NGA2105-NW-MSNA-Datasets-Analysis.xlsx,form,02-07-2023,07-09-2025 07:28:56,moderate
NG034002,Bodinga,2,stan1293,English,3,0.007774324529746561,0.65262,REACH Northwest Nigeria MSNA 2022 Data & Analysis,https://repository.impact-initiatives.org/document/impact/c011a778/REACH-NGA2105-NW-MSNA-Datasets-Analysis.xlsx,form,02-07-2023,07-09-2025 07:28:56,moderate
NG034002,Bodinga,2,Unknown,Unknown,4,0.00023268858059239102,0.65262,REACH Northwest Nigeria MSNA 2022 Data & Analysis,https://repository.impact-initiatives.org/document/impact/c011a778/REACH-NGA2105-NW-MSNA-Datasets-Analysis.xlsx,form,02-07-2023,07-09-2025 07:28:56,moderate
NG034002,Bodinga,2,fula1264,Fula,2,0.03179536386076342,0.65262,REACH Northwest Nigeria MSNA 2022 Data & Analysis,https://repository.impact-initiatives.org/document/impact/c011a778/REACH-NGA2105-NW-MSNA-Datasets-Analysis.xlsx,form,02-07-2023,07-09-2025 07:28:56,moderate
NG034014,Shagari,2,haus1257,Hausa,1,0.9807354205081451,0.65262,REACH Northwest Nigeria MSNA 2022 Data & Analysis,https://repository.impact-initiatives.org/document/impact/c011a778/REACH-NGA2105-NW-MSNA-Datasets-Analysis.xlsx,form,02-07-2023,07-09-2025 07:28:56,moderate
NG034014,Shagari,2,fula1264,Fula,2,0.01926457949185492,0.65262,REACH Northwest Nigeria MSNA 2022 Data & Analysis,https://repository.impact-initiatives.org/document/impact/c011a778/REACH-NGA2105-NW-MSNA-Datasets-Analysis.xlsx,form,02-07-2023,07-09-2025 07:28:56,moderate
NG021032,Safana,2,haus1257,Hausa,1,1.0,0.65262,REACH Northwest Nigeria MSNA 2022 Data & Analysis,https://repository.impact-initiatives.org/document/impact/c011a778/REACH-NGA2105-NW-MSNA-Datasets-Analysis.xlsx,form,02-07-2023,07-09-2025 07:28:56,moderate
NG034006,Goronyo,2,haus1257,Hausa,1,0.9930590444152647,0.65262,REACH Northwest Nigeria MSNA 2022 Data & Analysis,https://repository.impact-initiatives.org/document/impact/c011a778/REACH-NGA2105-NW-MSNA-Datasets-Analysis.xlsx,form,02-07-2023,07-09-2025 07:28:56,moderate
NG034006,Goronyo,2,fula1264,Fula,2,0.006940955584735253,0.65262,REACH Northwest Nigeria MSNA 2022 Data & Analysis,https://repository.impact-initiatives.org/document/impact/c011a778/REACH-NGA2105-NW-MSNA-Datasets-Analysis.xlsx,form,02-07-2023,07-09-2025 07:28:56,moderate
NG021005,Bindawa,2,haus1257,Hausa,1,1.0,0.65262,REACH Northwest Nigeria MSNA 2022 Data & Analysis,https://repository.impact-initiatives.org/document/impact/c011a778/REACH-NGA2105-NW-MSNA-Datasets-Analysis.xlsx,form,02-07-2023,07-09-2025 07:28:56,moderate
NG034011,Kware,2,yoru1245,Yoruba,6,0.006756409488892872,0.65262,REACH Northwest Nigeria MSNA 2022 Data & Analysis,https://repository.impact-initiatives.org/document/impact/c011a778/REACH-NGA2105-NW-MSNA-Datasets-Analysis.xlsx,form,02-07-2023,07-09-2025 07:28:56,moderate
NG034011,Kware,2,haus1257,Hausa,1,0.918918413802026,0.65262,REACH Northwest Nigeria MSNA 2022 Data & Analysis,https://repository.impact-initiatives.org/document/impact/c011a778/REACH-NGA2105-NW-MSNA-Datasets-Analysis.xlsx,form,02-07-2023,07-09-2025 07:28:56,moderate
NG034011,Kware,2,Unknown,Unknown,3,0.013512818977785744,0.65262,REACH Northwest Nigeria MSNA 2022 Data & Analysis,https://repository.impact-initiatives.org/document/impact/c011a778/REACH-NGA2105-NW-MSNA-Datasets-Analysis.xlsx,form,02-07-2023,07-09-2025 07:28:56,moderate
NG034011,Kware,2,arab1395,Arabic,4,0.006761081820152415,0.65262,REACH Northwest Nigeria MSNA 2022 Data & Analysis,https://repository.impact-initiatives.org/document/impact/c011a778/REACH-NGA2105-NW-MSNA-Datasets-Analysis.xlsx,form,02-07-2023,07-09-2025 07:28:56,moderate
NG034011,Kware,2,fula1264,Fula,2,0.0472948664222501,0.65262,REACH Northwest Nigeria MSNA 2022 Data & Analysis,https://repository.impact-initiatives.org/document/impact/c011a778/REACH-NGA2105-NW-MSNA-Datasets-Analysis.xlsx,form,02-07-2023,07-09-2025 07:28:56,moderate
NG034011,Kware,2,zarm1239,Zarma,6,0.006756409488892872,0.65262,REACH Northwest Nigeria MSNA 2022 Data & Analysis,https://repository.impact-initiatives.org/document/impact/c011a778/REACH-NGA2105-NW-MSNA-Datasets-Analysis.xlsx,form,02-07-2023,07-09-2025 07:28:56,moderate
NG021027,Mashi,2,haus1257,Hausa,1,0.9647251163855588,0.65262,REACH Northwest Nigeria MSNA 2022 Data & Analysis,https://repository.impact-initiatives.org/document/impact/c011a778/REACH-NGA2105-NW-MSNA-Datasets-Analysis.xlsx,form,02-07-2023,07-09-2025 07:28:56,moderate
NG021027,Mashi,2,fula1264,Fula,2,0.035274883614441165,0.65262,REACH Northwest Nigeria MSNA 2022 Data & Analysis,https://repository.impact-initiatives.org/document/impact/c011a778/REACH-NGA2105-NW-MSNA-Datasets-Analysis.xlsx,form,02-07-2023,07-09-2025 07:28:56,moderate
NG034012,Rabah,2,haus1257,Hausa,1,0.9947515034024577,0.65262,REACH Northwest Nigeria MSNA 2022 Data & Analysis,https://repository.impact-initiatives.org/document/impact/c011a778/REACH-NGA2105-NW-MSNA-Datasets-Analysis.xlsx,form,02-07-2023,07-09-2025 07:28:56,moderate
NG034012,Rabah,2,stan1293,English,2,0.005248496597542341,0.65262,REACH Northwest Nigeria MSNA 2022 Data & Analysis,https://repository.impact-initiatives.org/document/impact/c011a778/REACH-NGA2105-NW-MSNA-Datasets-Analysis.xlsx,form,02-07-2023,07-09-2025 07:28:56,moderate
NG021011,Dutsi,2,haus1257,Hausa,1,0.7310344827586207,0.65262,REACH Northwest Nigeria MSNA 2022 Data & Analysis,https://repository.impact-initiatives.org/document/impact/c011a778/REACH-NGA2105-NW-MSNA-Datasets-Analysis.xlsx,form,02-07-2023,07-09-2025 07:28:56,moderate
NG021011,Dutsi,2,fula1264,Fula,2,0.2689655172413793,0.65262,REACH Northwest Nigeria MSNA 2022 Data & Analysis,https://repository.impact-initiatives.org/document/impact/c011a778/REACH-NGA2105-NW-MSNA-Datasets-Analysis.xlsx,form,02-07-2023,07-09-2025 07:28:56,moderate
NG021014,Funtua,2,haus1257,Hausa,1,1.0,0.65262,REACH Northwest Nigeria MSNA 2022 Data & Analysis,https://repository.impact-initiatives.org/document/impact/c011a778/REACH-NGA2105-NW-MSNA-Datasets-Analysis.xlsx,form,02-07-2023,07-09-2025 07:28:56,moderate
NG021001,Bakori,2,haus1257,Hausa,1,0.9604023839393663,0.65262,REACH Northwest Nigeria MSNA 2022 Data & Analysis,https://repository.impact-initiatives.org/document/impact/c011a778/REACH-NGA2105-NW-MSNA-Datasets-Analysis.xlsx,form,02-07-2023,07-09-2025 07:28:56,moderate
NG021001,Bakori,2,fula1264,Fula,2,0.03959761606063378,0.65262,REACH Northwest Nigeria MSNA 2022 Data & Analysis,https://repository.impact-initiatives.org/document/impact/c011a778/REACH-NGA2105-NW-MSNA-Datasets-Analysis.xlsx,form,02-07-2023,07-09-2025 07:28:56,moderate
NG021013,Faskari,2,haus1257,Hausa,1,0.996795903943994,0.65262,REACH Northwest Nigeria MSNA 2022 Data & Analysis,https://repository.impact-initiatives.org/document/impact/c011a778/REACH-NGA2105-NW-MSNA-Datasets-Analysis.xlsx,form,02-07-2023,07-09-2025 07:28:56,moderate
NG021013,Faskari,2,fula1264,Fula,2,0.003204096056006019,0.65262,REACH Northwest Nigeria MSNA 2022 Data & Analysis,https://repository.impact-initiatives.org/document/impact/c011a778/REACH-NGA2105-NW-MSNA-Datasets-Analysis.xlsx,form,02-07-2023,07-09-2025 07:28:56,moderate
NG021025,Malumfashi,2,haus1257,Hausa,1,0.9523957932286983,0.65262,REACH Northwest Nigeria MSNA 2022 Data & Analysis,https://repository.impact-initiatives.org/document/impact/c011a778/REACH-NGA2105-NW-MSNA-Datasets-Analysis.xlsx,form,02-07-2023,07-09-2025 07:28:56,moderate
NG021025,Malumfashi,2,fula1264,Fula,2,0.04760420677130171,0.65262,REACH Northwest Nigeria MSNA 2022 Data & Analysis,https://repository.impact-initiatives.org/document/impact/c011a778/REACH-NGA2105-NW-MSNA-Datasets-Analysis.xlsx,form,02-07-2023,07-09-2025 07:28:56,moderate
NG021020,Kankia,2,haus1257,Hausa,1,0.9819934892581968,0.65262,REACH Northwest Nigeria MSNA 2022 Data & Analysis,https://repository.impact-initiatives.org/document/impact/c011a778/REACH-NGA2105-NW-MSNA-Datasets-Analysis.xlsx,form,02-07-2023,07-09-2025 07:28:56,moderate
NG021020,Kankia,2,Unknown,Unknown,3,0.009003255370901566,0.65262,REACH Northwest Nigeria MSNA 2022 Data & Analysis,https://repository.impact-initiatives.org/document/impact/c011a778/REACH-NGA2105-NW-MSNA-Datasets-Analysis.xlsx,form,02-07-2023,07-09-2025 07:28:56,moderate
NG021020,Kankia,2,fula1264,Fula,3,0.009003255370901566,0.65262,REACH Northwest Nigeria MSNA 2022 Data & Analysis,https://repository.impact-initiatives.org/document/impact/c011a778/REACH-NGA2105-NW-MSNA-Datasets-Analysis.xlsx,form,02-07-2023,07-09-2025 07:28:56,moderate
NG021010,Daura,2,haus1257,Hausa,1,0.8930753193401323,0.65262,REACH Northwest Nigeria MSNA 2022 Data & Analysis,https://repository.impact-initiatives.org/document/impact/c011a778/REACH-NGA2105-NW-MSNA-Datasets-Analysis.xlsx,form,02-07-2023,07-09-2025 07:28:56,moderate
NG021010,Daura,2,stan1293,English,3,0.003341396270620867,0.65262,REACH Northwest Nigeria MSNA 2022 Data & Analysis,https://repository.impact-initiatives.org/document/impact/c011a778/REACH-NGA2105-NW-MSNA-Datasets-Analysis.xlsx,form,02-07-2023,07-09-2025 07:28:56,moderate
NG021010,Daura,2,fula1264,Fula,2,0.10358328438924687,0.65262,REACH Northwest Nigeria MSNA 2022 Data & Analysis,https://repository.impact-initiatives.org/document/impact/c011a778/REACH-NGA2105-NW-MSNA-Datasets-Analysis.xlsx,form,02-07-2023,07-09-2025 07:28:56,moderate
NG034018,Tambuwal,2,yoru1245,Yoruba,4,0.006642311736040727,0.65262,REACH Northwest Nigeria MSNA 2022 Data & Analysis,https://repository.impact-initiatives.org/document/impact/c011a778/REACH-NGA2105-NW-MSNA-Datasets-Analysis.xlsx,form,02-07-2023,07-09-2025 07:28:56,moderate
NG034018,Tambuwal,2,haus1257,Hausa,1,0.9517878926260597,0.65262,REACH Northwest Nigeria MSNA 2022 Data & Analysis,https://repository.impact-initiatives.org/document/impact/c011a778/REACH-NGA2105-NW-MSNA-Datasets-Analysis.xlsx,form,02-07-2023,07-09-2025 07:28:56,moderate
NG034018,Tambuwal,2,stan1293,English,3,0.019926935208122182,0.65262,REACH Northwest Nigeria MSNA 2022 Data & Analysis,https://repository.impact-initiatives.org/document/impact/c011a778/REACH-NGA2105-NW-MSNA-Datasets-Analysis.xlsx,form,02-07-2023,07-09-2025 07:28:56,moderate
NG034018,Tambuwal,2,fula1264,Fula,2,0.020784897818949818,0.65262,REACH Northwest Nigeria MSNA 2022 Data & Analysis,https://repository.impact-initiatives.org/document/impact/c011a778/REACH-NGA2105-NW-MSNA-Datasets-Analysis.xlsx,form,02-07-2023,07-09-2025 07:28:56,moderate
NG034018,Tambuwal,2,cent2050,Central Kanuri,5,0.0008579626108276336,0.65262,REACH Northwest Nigeria MSNA 2022 Data & Analysis,https://repository.impact-initiatives.org/document/impact/c011a778/REACH-NGA2105-NW-MSNA-Datasets-Analysis.xlsx,form,02-07-2023,07-09-2025 07:28:56,moderate
NG021017,Kafur,2,haus1257,Hausa,1,0.8807010809666658,0.65262,REACH Northwest Nigeria MSNA 2022 Data & Analysis,https://repository.impact-initiatives.org/document/impact/c011a778/REACH-NGA2105-NW-MSNA-Datasets-Analysis.xlsx,form,02-07-2023,07-09-2025 07:28:56,moderate
NG021017,Kafur,2,stan1293,English,3,0.018095420880476432,0.65262,REACH Northwest Nigeria MSNA 2022 Data & Analysis,https://repository.impact-initiatives.org/document/impact/c011a778/REACH-NGA2105-NW-MSNA-Datasets-Analysis.xlsx,form,02-07-2023,07-09-2025 07:28:56,moderate
NG021017,Kafur,2,fula1264,Fula,2,0.1012034981528578,0.65262,REACH Northwest Nigeria MSNA 2022 Data & Analysis,https://repository.impact-initiatives.org/document/impact/c011a778/REACH-NGA2105-NW-MSNA-Datasets-Analysis.xlsx,form,02-07-2023,07-09-2025 07:28:56,moderate
NG021022,Kurfi,2,haus1257,Hausa,1,0.9809750545277309,0.65262,REACH Northwest Nigeria MSNA 2022 Data & Analysis,https://repository.impact-initiatives.org/document/impact/c011a778/REACH-NGA2105-NW-MSNA-Datasets-Analysis.xlsx,form,02-07-2023,07-09-2025 07:28:56,moderate
NG021022,Kurfi,2,fula1264,Fula,2,0.01902494547226902,0.65262,REACH Northwest Nigeria MSNA 2022 Data & Analysis,https://repository.impact-initiatives.org/document/impact/c011a778/REACH-NGA2105-NW-MSNA-Datasets-Analysis.xlsx,form,02-07-2023,07-09-2025 07:28:56,moderate
NG021007,Dan Musa,2,haus1257,Hausa,1,1.0,0.65262,REACH Northwest Nigeria MSNA 2022 Data & Analysis,https://repository.impact-initiatives.org/document/impact/c011a778/REACH-NGA2105-NW-MSNA-Datasets-Analysis.xlsx,form,02-07-2023,07-09-2025 07:28:56,moderate
NG021009,Danja,2,haus1257,Hausa,1,0.9914090900318716,0.65262,REACH Northwest Nigeria MSNA 2022 Data & Analysis,https://repository.impact-initiatives.org/document/impact/c011a778/REACH-NGA2105-NW-MSNA-Datasets-Analysis.xlsx,form,02-07-2023,07-09-2025 07:28:56,moderate
NG021009,Danja,2,stan1293,English,2,0.008590909968128387,0.65262,REACH Northwest Nigeria MSNA 2022 Data & Analysis,https://repository.impact-initiatives.org/document/impact/c011a778/REACH-NGA2105-NW-MSNA-Datasets-Analysis.xlsx,form,02-07-2023,07-09-2025 07:28:56,moderate
NG021023,Kusada,2,haus1257,Hausa,1,0.9717118694381149,0.65262,REACH Northwest Nigeria MSNA 2022 Data & Analysis,https://repository.impact-initiatives.org/document/impact/c011a778/REACH-NGA2105-NW-MSNA-Datasets-Analysis.xlsx,form,02-07-2023,07-09-2025 07:28:56,moderate
NG021023,Kusada,2,fula1264,Fula,2,0.028288130561885033,0.65262,REACH Northwest Nigeria MSNA 2022 Data & Analysis,https://repository.impact-initiatives.org/document/impact/c011a778/REACH-NGA2105-NW-MSNA-Datasets-Analysis.xlsx,form,02-07-2023,07-09-2025 07:28:56,moderate
NG021004,Baure,2,haus1257,Hausa,1,0.7943699327921903,0.65262,REACH Northwest Nigeria MSNA 2022 Data & Analysis,https://repository.impact-initiatives.org/document/impact/c011a778/REACH-NGA2105-NW-MSNA-Datasets-Analysis.xlsx,form,02-07-2023,07-09-2025 07:28:56,moderate
NG021004,Baure,2,fula1264,Fula,2,0.2056300672078097,0.65262,REACH Northwest Nigeria MSNA 2022 Data & Analysis,https://repository.impact-initiatives.org/document/impact/c011a778/REACH-NGA2105-NW-MSNA-Datasets-Analysis.xlsx,form,02-07-2023,07-09-2025 07:28:56,moderate
NG021019,Kankara,2,haus1257,Hausa,1,0.9943745837501161,0.65262,REACH Northwest Nigeria MSNA 2022 Data & Analysis,https://repository.impact-initiatives.org/document/impact/c011a778/REACH-NGA2105-NW-MSNA-Datasets-Analysis.xlsx,form,02-07-2023,07-09-2025 07:28:56,moderate
NG021019,Kankara,2,fula1264,Fula,2,0.005625416249883875,0.65262,REACH Northwest Nigeria MSNA 2022 Data & Analysis,https://repository.impact-initiatives.org/document/impact/c011a778/REACH-NGA2105-NW-MSNA-Datasets-Analysis.xlsx,form,02-07-2023,07-09-2025 07:28:56,moderate
NG021028,Matazu,2,haus1257,Hausa,1,0.9428941422103647,0.65262,REACH Northwest Nigeria MSNA 2022 Data & Analysis,https://repository.impact-initiatives.org/document/impact/c011a778/REACH-NGA2105-NW-MSNA-Datasets-Analysis.xlsx,form,02-07-2023,07-09-2025 07:28:56,moderate
NG021028,Matazu,2,nucl1417,Igbo,3,0.00951764296493922,0.65262,REACH Northwest Nigeria MSNA 2022 Data & Analysis,https://repository.impact-initiatives.org/document/impact/c011a778/REACH-NGA2105-NW-MSNA-Datasets-Analysis.xlsx,form,02-07-2023,07-09-2025 07:28:56,moderate
NG021028,Matazu,2,fula1264,Fula,2,0.0475882148246961,0.65262,REACH Northwest Nigeria MSNA 2022 Data & Analysis,https://repository.impact-initiatives.org/document/impact/c011a778/REACH-NGA2105-NW-MSNA-Datasets-Analysis.xlsx,form,02-07-2023,07-09-2025 07:28:56,moderate
NG021033,Sandamu,2,haus1257,Hausa,1,0.7961165048543689,0.65262,REACH Northwest Nigeria MSNA 2022 Data & Analysis,https://repository.impact-initiatives.org/document/impact/c011a778/REACH-NGA2105-NW-MSNA-Datasets-Analysis.xlsx,form,02-07-2023,07-09-2025 07:28:56,moderate
NG021033,Sandamu,2,stan1293,English,3,0.02912621359223301,0.65262,REACH Northwest Nigeria MSNA 2022 Data & Analysis,https://repository.impact-initiatives.org/document/impact/c011a778/REACH-NGA2105-NW-MSNA-Datasets-Analysis.xlsx,form,02-07-2023,07-09-2025 07:28:56,moderate
NG021033,Sandamu,2,fula1264,Fula,2,0.17475728155339806,0.65262,REACH Northwest Nigeria MSNA 2022 Data & Analysis,https://repository.impact-initiatives.org/document/impact/c011a778/REACH-NGA2105-NW-MSNA-Datasets-Analysis.xlsx,form,02-07-2023,07-09-2025 07:28:56,moderate
NG021031,Sabuwa,2,haus1257,Hausa,1,1.0,0.65262,REACH Northwest Nigeria MSNA 2022 Data & Analysis,https://repository.impact-initiatives.org/document/impact/c011a778/REACH-NGA2105-NW-MSNA-Datasets-Analysis.xlsx,form,02-07-2023,07-09-2025 07:28:56,moderate
NG021029,Musawa,2,haus1257,Hausa,1,1.0,0.65262,REACH Northwest Nigeria MSNA 2022 Data & Analysis,https://repository.impact-initiatives.org/document/impact/c011a778/REACH-NGA2105-NW-MSNA-Datasets-Analysis.xlsx,form,02-07-2023,07-09-2025 07:28:56,moderate
NG021008,Dandume,2,yoru1245,Yoruba,2,0.009196469175315079,0.65262,REACH Northwest Nigeria MSNA 2022 Data & Analysis,https://repository.impact-initiatives.org/document/impact/c011a778/REACH-NGA2105-NW-MSNA-Datasets-Analysis.xlsx,form,02-07-2023,07-09-2025 07:28:56,moderate
NG021008,Dandume,2,haus1257,Hausa,1,0.990803530824685,0.65262,REACH Northwest Nigeria MSNA 2022 Data & Analysis,https://repository.impact-initiatives.org/document/impact/c011a778/REACH-NGA2105-NW-MSNA-Datasets-Analysis.xlsx,form,02-07-2023,07-09-2025 07:28:56,moderate
NG021015,Ingawa,2,haus1257,Hausa,1,0.9640151410341182,0.65262,REACH Northwest Nigeria MSNA 2022 Data & Analysis,https://repository.impact-initiatives.org/document/impact/c011a778/REACH-NGA2105-NW-MSNA-Datasets-Analysis.xlsx,form,02-07-2023,07-09-2025 07:28:56,moderate
NG021015,Ingawa,2,fula1264,Fula,2,0.03598485896588178,0.65262,REACH Northwest Nigeria MSNA 2022 Data & Analysis,https://repository.impact-initiatives.org/document/impact/c011a778/REACH-NGA2105-NW-MSNA-Datasets-Analysis.xlsx,form,02-07-2023,07-09-2025 07:28:56,moderate
NG034022,Wurno,2,haus1257,Hausa,1,0.960770706210213,0.65262,REACH Northwest Nigeria MSNA 2022 Data & Analysis,https://repository.impact-initiatives.org/document/impact/c011a778/REACH-NGA2105-NW-MSNA-Datasets-Analysis.xlsx,form,02-07-2023,07-09-2025 07:28:56,moderate
NG034022,Wurno,2,stan1293,English,3,0.007845858757957397,0.65262,REACH Northwest Nigeria MSNA 2022 Data & Analysis,https://repository.impact-initiatives.org/document/impact/c011a778/REACH-NGA2105-NW-MSNA-Datasets-Analysis.xlsx,form,02-07-2023,07-09-2025 07:28:56,moderate
NG034022,Wurno,2,fula1264,Fula,2,0.03138343503182959,0.65262,REACH Northwest Nigeria MSNA 2022 Data & Analysis,https://repository.impact-initiatives.org/document/impact/c011a778/REACH-NGA2105-NW-MSNA-Datasets-Analysis.xlsx,form,02-07-2023,07-09-2025 07:28:56,moderate
NG037007,Gusau,2,yoru1245,Yoruba,3,0.007535640184330805,0.65262,REACH Northwest Nigeria MSNA 2022 Data & Analysis,https://repository.impact-initiatives.org/document/impact/c011a778/REACH-NGA2105-NW-MSNA-Datasets-Analysis.xlsx,form,02-07-2023,07-09-2025 07:28:56,moderate
NG037007,Gusau,2,haus1257,Hausa,1,0.975152743647132,0.65262,REACH Northwest Nigeria MSNA 2022 Data & Analysis,https://repository.impact-initiatives.org/document/impact/c011a778/REACH-NGA2105-NW-MSNA-Datasets-Analysis.xlsx,form,02-07-2023,07-09-2025 07:28:56,moderate
NG037007,Gusau,2,stan1293,English,3,0.007535640184330805,0.65262,REACH Northwest Nigeria MSNA 2022 Data & Analysis,https://repository.impact-initiatives.org/document/impact/c011a778/REACH-NGA2105-NW-MSNA-Datasets-Analysis.xlsx,form,02-07-2023,07-09-2025 07:28:56,moderate
NG037007,Gusau,2,fula1264,Fula,4,0.006008155892040967,0.65262,REACH Northwest Nigeria MSNA 2022 Data & Analysis,https://repository.impact-initiatives.org/document/impact/c011a778/REACH-NGA2105-NW-MSNA-Datasets-Analysis.xlsx,form,02-07-2023,07-09-2025 07:28:56,moderate
NG037007,Gusau,2,nupe1254,Nupe-Nupe-Tako,5,0.0037678200921654023,0.65262,REACH Northwest Nigeria MSNA 2022 Data & Analysis,https://repository.impact-initiatives.org/document/impact/c011a778/REACH-NGA2105-NW-MSNA-Datasets-Analysis.xlsx,form,02-07-2023,07-09-2025 07:28:56,moderate
NG037005,Bungudu,2,haus1257,Hausa,1,0.9964869658555722,0.65262,REACH Northwest Nigeria MSNA 2022 Data & Analysis,https://repository.impact-initiatives.org/document/impact/c011a778/REACH-NGA2105-NW-MSNA-Datasets-Analysis.xlsx,form,02-07-2023,07-09-2025 07:28:56,moderate
NG037005,Bungudu,2,stan1293,English,2,0.003513034144427838,0.65262,REACH Northwest Nigeria MSNA 2022 Data & Analysis,https://repository.impact-initiatives.org/document/impact/c011a778/REACH-NGA2105-NW-MSNA-Datasets-Analysis.xlsx,form,02-07-2023,07-09-2025 07:28:56,moderate
NG034010,Kebbe,2,haus1257,Hausa,1,0.9935064935064936,0.65262,REACH Northwest Nigeria MSNA 2022 Data & Analysis,https://repository.impact-initiatives.org/document/impact/c011a778/REACH-NGA2105-NW-MSNA-Datasets-Analysis.xlsx,form,02-07-2023,07-09-2025 07:28:56,moderate
NG034010,Kebbe,2,stan1293,English,2,0.006493506493506494,0.65262,REACH Northwest Nigeria MSNA 2022 Data & Analysis,https://repository.impact-initiatives.org/document/impact/c011a778/REACH-NGA2105-NW-MSNA-Datasets-Analysis.xlsx,form,02-07-2023,07-09-2025 07:28:56,moderate
NG034013,Sabon Birni,2,haus1257,Hausa,1,1.0,0.65262,REACH Northwest Nigeria MSNA 2022 Data & Analysis,https://repository.impact-initiatives.org/document/impact/c011a778/REACH-NGA2105-NW-MSNA-Datasets-Analysis.xlsx,form,02-07-2023,07-09-2025 07:28:56,moderate
NG034007,Gudu,2,haus1257,Hausa,1,0.9569925000522231,0.65262,REACH Northwest Nigeria MSNA 2022 Data & Analysis,https://repository.impact-initiatives.org/document/impact/c011a778/REACH-NGA2105-NW-MSNA-Datasets-Analysis.xlsx,form,02-07-2023,07-09-2025 07:28:56,moderate
NG034007,Gudu,2,fula1264,Fula,2,0.043007499947776875,0.65262,REACH Northwest Nigeria MSNA 2022 Data & Analysis,https://repository.impact-initiatives.org/document/impact/c011a778/REACH-NGA2105-NW-MSNA-Datasets-Analysis.xlsx,form,02-07-2023,07-09-2025 07:28:56,moderate
NG034019,Tangaza,2,haus1257,Hausa,1,0.9788856741961988,0.65262,REACH Northwest Nigeria MSNA 2022 Data & Analysis,https://repository.impact-initiatives.org/document/impact/c011a778/REACH-NGA2105-NW-MSNA-Datasets-Analysis.xlsx,form,02-07-2023,07-09-2025 07:28:56,moderate
NG034019,Tangaza,2,nucl1417,Igbo,3,0.008873832635623129,0.65262,REACH Northwest Nigeria MSNA 2022 Data & Analysis,https://repository.impact-initiatives.org/document/impact/c011a778/REACH-NGA2105-NW-MSNA-Datasets-Analysis.xlsx,form,02-07-2023,07-09-2025 07:28:56,moderate
NG034019,Tangaza,2,fula1264,Fula,2,0.012240493168178148,0.65262,REACH Northwest Nigeria MSNA 2022 Data & Analysis,https://repository.impact-initiatives.org/document/impact/c011a778/REACH-NGA2105-NW-MSNA-Datasets-Analysis.xlsx,form,02-07-2023,07-09-2025 07:28:56,moderate
NG034004,Gada,2,haus1257,Hausa,1,0.9916666666666667,0.65262,REACH Northwest Nigeria MSNA 2022 Data & Analysis,https://repository.impact-initiatives.org/document/impact/c011a778/REACH-NGA2105-NW-MSNA-Datasets-Analysis.xlsx,form,02-07-2023,07-09-2025 07:28:56,moderate
NG034004,Gada,2,fula1264,Fula,2,0.008333333333333333,0.65262,REACH Northwest Nigeria MSNA 2022 Data & Analysis,https://repository.impact-initiatives.org/document/impact/c011a778/REACH-NGA2105-NW-MSNA-Datasets-Analysis.xlsx,form,02-07-2023,07-09-2025 07:28:56,moderate
NG034001,Binji,2,haus1257,Hausa,1,1.0,0.65262,REACH Northwest Nigeria MSNA 2022 Data & Analysis,https://repository.impact-initiatives.org/document/impact/c011a778/REACH-NGA2105-NW-MSNA-Datasets-Analysis.xlsx,form,02-07-2023,07-09-2025 07:28:56,moderate
NG034020,Tureta,2,haus1257,Hausa,1,0.9928456631463325,0.65262,REACH Northwest Nigeria MSNA 2022 Data & Analysis,https://repository.impact-initiatives.org/document/impact/c011a778/REACH-NGA2105-NW-MSNA-Datasets-Analysis.xlsx,form,02-07-2023,07-09-2025 07:28:56,moderate
NG034020,Tureta,2,stan1293,English,2,0.007154336853667525,0.65262,REACH Northwest Nigeria MSNA 2022 Data & Analysis,https://repository.impact-initiatives.org/document/impact/c011a778/REACH-NGA2105-NW-MSNA-Datasets-Analysis.xlsx,form,02-07-2023,07-09-2025 07:28:56,moderate
NG037002,Bakura,2,haus1257,Hausa,1,0.9863832991757828,0.65262,REACH Northwest Nigeria MSNA 2022 Data & Analysis,https://repository.impact-initiatives.org/document/impact/c011a778/REACH-NGA2105-NW-MSNA-Datasets-Analysis.xlsx,form,02-07-2023,07-09-2025 07:28:56,moderate
NG037002,Bakura,2,stan1293,English,2,0.013616700824217171,0.65262,REACH Northwest Nigeria MSNA 2022 Data & Analysis,https://repository.impact-initiatives.org/document/impact/c011a778/REACH-NGA2105-NW-MSNA-Datasets-Analysis.xlsx,form,02-07-2023,07-09-2025 07:28:56,moderate
NG037012,Talata Mafara,2,haus1257,Hausa,1,0.9988973530278639,0.65262,REACH Northwest Nigeria MSNA 2022 Data & Analysis,https://repository.impact-initiatives.org/document/impact/c011a778/REACH-NGA2105-NW-MSNA-Datasets-Analysis.xlsx,form,02-07-2023,07-09-2025 07:28:56,moderate
NG037012,Talata Mafara,2,stan1293,English,2,0.00110264697213614,0.65262,REACH Northwest Nigeria MSNA 2022 Data & Analysis,https://repository.impact-initiatives.org/document/impact/c011a778/REACH-NGA2105-NW-MSNA-Datasets-Analysis.xlsx,form,02-07-2023,07-09-2025 07:28:56,moderate
NG037008,Kaura Namoda,2,haus1257,Hausa,1,1.0,0.65262,REACH Northwest Nigeria MSNA 2022 Data & Analysis,https://repository.impact-initiatives.org/document/impact/c011a778/REACH-NGA2105-NW-MSNA-Datasets-Analysis.xlsx,form,02-07-2023,07-09-2025 07:28:56,moderate
NG037011,Shinkafi,2,haus1257,Hausa,1,0.9952633659351493,0.65262,REACH Northwest Nigeria MSNA 2022 Data & Analysis,https://repository.impact-initiatives.org/document/impact/c011a778/REACH-NGA2105-NW-MSNA-Datasets-Analysis.xlsx,form,02-07-2023,07-09-2025 07:28:56,moderate
NG037011,Shinkafi,2,fula1264,Fula,2,0.0047366340648507125,0.65262,REACH Northwest Nigeria MSNA 2022 Data & Analysis,https://repository.impact-initiatives.org/document/impact/c011a778/REACH-NGA2105-NW-MSNA-Datasets-Analysis.xlsx,form,02-07-2023,07-09-2025 07:28:56,moderate
NG037001,Anka,2,haus1257,Hausa,1,0.997469033663506,0.65262,REACH Northwest Nigeria MSNA 2022 Data & Analysis,https://repository.impact-initiatives.org/document/impact/c011a778/REACH-NGA2105-NW-MSNA-Datasets-Analysis.xlsx,form,02-07-2023,07-09-2025 07:28:56,moderate
NG037001,Anka,2,fula1264,Fula,2,0.0025309663364939707,0.65262,REACH Northwest Nigeria MSNA 2022 Data & Analysis,https://repository.impact-initiatives.org/document/impact/c011a778/REACH-NGA2105-NW-MSNA-Datasets-Analysis.xlsx,form,02-07-2023,07-09-2025 07:28:56,moderate
NG037009,Maradun,2,haus1257,Hausa,1,0.9484656241828677,0.65262,REACH Northwest Nigeria MSNA 2022 Data & Analysis,https://repository.impact-initiatives.org/document/impact/c011a778/REACH-NGA2105-NW-MSNA-Datasets-Analysis.xlsx,form,02-07-2023,07-09-2025 07:28:56,moderate
NG037009,Maradun,2,fula1264,Fula,2,0.05153437581713228,0.65262,REACH Northwest Nigeria MSNA 2022 Data & Analysis,https://repository.impact-initiatives.org/document/impact/c011a778/REACH-NGA2105-NW-MSNA-Datasets-Analysis.xlsx,form,02-07-2023,07-09-2025 07:28:56,moderate
NG037006,Gummi,2,haus1257,Hausa,1,0.9528365626534089,0.65262,REACH Northwest Nigeria MSNA 2022 Data & Analysis,https://repository.impact-initiatives.org/document/impact/c011a778/REACH-NGA2105-NW-MSNA-Datasets-Analysis.xlsx,form,02-07-2023,07-09-2025 07:28:56,moderate
NG037006,Gummi,2,stan1293,English,3,0.006737633906655879,0.65262,REACH Northwest Nigeria MSNA 2022 Data & Analysis,https://repository.impact-initiatives.org/document/impact/c011a778/REACH-NGA2105-NW-MSNA-Datasets-Analysis.xlsx,form,02-07-2023,07-09-2025 07:28:56,moderate
NG037006,Gummi,2,fula1264,Fula,2,0.04042580343993527,0.65262,REACH Northwest Nigeria MSNA 2022 Data & Analysis,https://repository.impact-initiatives.org/document/impact/c011a778/REACH-NGA2105-NW-MSNA-Datasets-Analysis.xlsx,form,02-07-2023,07-09-2025 07:28:56,moderate
NG037004,Bukkuyum,2,haus1257,Hausa,1,0.933680859630943,0.65262,REACH Northwest Nigeria MSNA 2022 Data & Analysis,https://repository.impact-initiatives.org/document/impact/c011a778/REACH-NGA2105-NW-MSNA-Datasets-Analysis.xlsx,form,02-07-2023,07-09-2025 07:28:56,moderate
NG037004,Bukkuyum,2,stan1293,English,3,0.00327340291158253,0.65262,REACH Northwest Nigeria MSNA 2022 Data & Analysis,https://repository.impact-initiatives.org/document/impact/c011a778/REACH-NGA2105-NW-MSNA-Datasets-Analysis.xlsx,form,02-07-2023,07-09-2025 07:28:56,moderate
NG037004,Bukkuyum,2,fula1264,Fula,2,0.06304573745747441,0.65262,REACH Northwest Nigeria MSNA 2022 Data & Analysis,https://repository.impact-initiatives.org/document/impact/c011a778/REACH-NGA2105-NW-MSNA-Datasets-Analysis.xlsx,form,02-07-2023,07-09-2025 07:28:56,moderate
NG037010,Maru,2,haus1257,Hausa,1,1.0,0.65262,REACH Northwest Nigeria MSNA 2022 Data & Analysis,https://repository.impact-initiatives.org/document/impact/c011a778/REACH-NGA2105-NW-MSNA-Datasets-Analysis.xlsx,form,02-07-2023,07-09-2025 07:28:56,moderate
NG037013,Tsafe,2,haus1257,Hausa,1,0.9572693667998123,0.65262,REACH Northwest Nigeria MSNA 2022 Data & Analysis,https://repository.impact-initiatives.org/document/impact/c011a778/REACH-NGA2105-NW-MSNA-Datasets-Analysis.xlsx,form,02-07-2023,07-09-2025 07:28:56,moderate
NG037013,Tsafe,2,fula1264,Fula,2,0.04273063320018763,0.65262,REACH Northwest Nigeria MSNA 2022 Data & Analysis,https://repository.impact-initiatives.org/document/impact/c011a778/REACH-NGA2105-NW-MSNA-Datasets-Analysis.xlsx,form,02-07-2023,07-09-2025 07:28:56,moderate
NG037003,Birnin Magaji,2,haus1257,Hausa,1,1.0,0.65262,REACH Northwest Nigeria MSNA 2022 Data & Analysis,https://repository.impact-initiatives.org/document/impact/c011a778/REACH-NGA2105-NW-MSNA-Datasets-Analysis.xlsx,form,02-07-2023,07-24-2025 13:32:25,moderate
NG034003,Dange-Shuni,2,igal1242,Igala,3,0.006775026639872445,0.65262,REACH Northwest Nigeria MSNA 2022 Data & Analysis,https://repository.impact-initiatives.org/document/impact/c011a778/REACH-NGA2105-NW-MSNA-Datasets-Analysis.xlsx,form,02-07-2023,07-24-2025 13:33:20,moderate
NG034003,Dange-Shuni,2,haus1257,Hausa,1,0.9796749200803827,0.65262,REACH Northwest Nigeria MSNA 2022 Data & Analysis,https://repository.impact-initiatives.org/document/impact/c011a778/REACH-NGA2105-NW-MSNA-Datasets-Analysis.xlsx,form,02-07-2023,07-24-2025 13:33:20,moderate
NG034003,Dange-Shuni,2,stan1293,English,3,0.006775026639872445,0.65262,REACH Northwest Nigeria MSNA 2022 Data & Analysis,https://repository.impact-initiatives.org/document/impact/c011a778/REACH-NGA2105-NW-MSNA-Datasets-Analysis.xlsx,form,02-07-2023,07-24-2025 13:33:20,moderate
NG034003,Dange-Shuni,2,fula1264,Fula,3,0.006775026639872445,0.65262,REACH Northwest Nigeria MSNA 2022 Data & Analysis,https://repository.impact-initiatives.org/document/impact/c011a778/REACH-NGA2105-NW-MSNA-Datasets-Analysis.xlsx,form,02-07-2023,07-24-2025 13:33:20,moderate
NG021012,Dutsin-Ma,2,yoru1245,Yoruba,3,0.00691741591753667,0.65262,REACH Northwest Nigeria MSNA 2022 Data & Analysis,https://repository.impact-initiatives.org/document/impact/c011a778/REACH-NGA2105-NW-MSNA-Datasets-Analysis.xlsx,form,02-07-2023,07-24-2025 13:34:25,moderate
NG021012,Dutsin-Ma,2,haus1257,Hausa,1,0.9861651681649266,0.65262,REACH Northwest Nigeria MSNA 2022 Data & Analysis,https://repository.impact-initiatives.org/document/impact/c011a778/REACH-NGA2105-NW-MSNA-Datasets-Analysis.xlsx,form,02-07-2023,07-24-2025 13:34:25,moderate
NG021012,Dutsin-Ma,2,Unknown,Unknown,3,0.00691741591753667,0.65262,REACH Northwest Nigeria MSNA 2022 Data & Analysis,https://repository.impact-initiatives.org/document/impact/c011a778/REACH-NGA2105-NW-MSNA-Datasets-Analysis.xlsx,form,02-07-2023,07-24-2025 13:34:25,moderate
NG034008,Illela,2,igal1242,Igala,3,0.006186277577313569,0.65262,REACH Northwest Nigeria MSNA 2022 Data & Analysis,https://repository.impact-initiatives.org/document/impact/c011a778/REACH-NGA2105-NW-MSNA-Datasets-Analysis.xlsx,form,02-07-2023,07-24-2025 13:35:29,moderate
NG034008,Illela,2,haus1257,Hausa,1,0.9876274448453729,0.65262,REACH Northwest Nigeria MSNA 2022 Data & Analysis,https://repository.impact-initiatives.org/document/impact/c011a778/REACH-NGA2105-NW-MSNA-Datasets-Analysis.xlsx,form,02-07-2023,07-24-2025 13:35:29,moderate
NG034008,Illela,2,fula1264,Fula,3,0.006186277577313569,0.65262,REACH Northwest Nigeria MSNA 2022 Data & Analysis,https://repository.impact-initiatives.org/document/impact/c011a778/REACH-NGA2105-NW-MSNA-Datasets-Analysis.xlsx,form,02-07-2023,07-24-2025 13:35:29,moderate
NG034005,Gwadabawa,2,haus1257,Hausa,1,1.0,0.65262,REACH Northwest Nigeria MSNA 2022 Data & Analysis,https://repository.impact-initiatives.org/document/impact/c011a778/REACH-NGA2105-NW-MSNA-Datasets-Analysis.xlsx,form,02-07-2023,07-24-2025 13:35:33,moderate
NG034009,Isa,2,haus1257,Hausa,1,1.0,0.65262,REACH Northwest Nigeria MSNA 2022 Data & Analysis,https://repository.impact-initiatives.org/document/impact/c011a778/REACH-NGA2105-NW-MSNA-Datasets-Analysis.xlsx,form,02-07-2023,07-24-2025 13:35:39,moderate
NG021021,Katsina,2,yoru1245,Yoruba,4,0.0022408562140309625,0.65262,REACH Northwest Nigeria MSNA 2022 Data & Analysis,https://repository.impact-initiatives.org/document/impact/c011a778/REACH-NGA2105-NW-MSNA-Datasets-Analysis.xlsx,form,02-07-2023,07-24-2025 13:35:53,moderate
NG021021,Katsina,2,haus1257,Hausa,1,0.9716542900337517,0.65262,REACH Northwest Nigeria MSNA 2022 Data & Analysis,https://repository.impact-initiatives.org/document/impact/c011a778/REACH-NGA2105-NW-MSNA-Datasets-Analysis.xlsx,form,02-07-2023,07-24-2025 13:35:53,moderate
NG021021,Katsina,2,stan1293,English,2,0.0179268497122477,0.65262,REACH Northwest Nigeria MSNA 2022 Data & Analysis,https://repository.impact-initiatives.org/document/impact/c011a778/REACH-NGA2105-NW-MSNA-Datasets-Analysis.xlsx,form,02-07-2023,07-24-2025 13:35:53,moderate
NG021021,Katsina,2,fula1264,Fula,3,0.008178004039969693,0.65262,REACH Northwest Nigeria MSNA 2022 Data & Analysis,https://repository.impact-initiatives.org/document/impact/c011a778/REACH-NGA2105-NW-MSNA-Datasets-Analysis.xlsx,form,02-07-2023,07-24-2025 13:35:53,moderate
NG021026,Mani,2,haus1257,Hausa,1,0.9428571428571428,0.65262,REACH Northwest Nigeria MSNA 2022 Data & Analysis,https://repository.impact-initiatives.org/document/impact/c011a778/REACH-NGA2105-NW-MSNA-Datasets-Analysis.xlsx,form,02-07-2023,07-24-2025 13:36:01,moderate
NG021026,Mani,2,Unknown,Unknown,3,0.009523809523809525,0.65262,REACH Northwest Nigeria MSNA 2022 Data & Analysis,https://repository.impact-initiatives.org/document/impact/c011a778/REACH-NGA2105-NW-MSNA-Datasets-Analysis.xlsx,form,02-07-2023,07-24-2025 13:36:01,moderate
NG021026,Mani,2,fula1264,Fula,2,0.047619047619047616,0.65262,REACH Northwest Nigeria MSNA 2022 Data & Analysis,https://repository.impact-initiatives.org/document/impact/c011a778/REACH-NGA2105-NW-MSNA-Datasets-Analysis.xlsx,form,02-07-2023,07-24-2025 13:36:01,moderate
NG034023,Yabo,2,izor1238,Izora,3,0.007192802867149982,0.65262,REACH Northwest Nigeria MSNA 2022 Data & Analysis,https://repository.impact-initiatives.org/document/impact/c011a778/REACH-NGA2105-NW-MSNA-Datasets-Analysis.xlsx,form,02-07-2023,07-24-2025 13:36:15,moderate
NG034023,Yabo,2,haus1257,Hausa,1,0.9496503799299502,0.65262,REACH Northwest Nigeria MSNA 2022 Data & Analysis,https://repository.impact-initiatives.org/document/impact/c011a778/REACH-NGA2105-NW-MSNA-Datasets-Analysis.xlsx,form,02-07-2023,07-24-2025 13:36:15,moderate
NG034023,Yabo,2,fula1264,Fula,2,0.04315681720289989,0.65262,REACH Northwest Nigeria MSNA 2022 Data & Analysis,https://repository.impact-initiatives.org/document/impact/c011a778/REACH-NGA2105-NW-MSNA-Datasets-Analysis.xlsx,form,02-07-2023,07-24-2025 13:36:15,moderate
NG021034,Zango,2,haus1257,Hausa,1,0.8661971830985915,0.65262,REACH Northwest Nigeria MSNA 2022 Data & Analysis,https://repository.impact-initiatives.org/document/impact/c011a778/REACH-NGA2105-NW-MSNA-Datasets-Analysis.xlsx,form,02-07-2023,07-24-2025 13:36:19,moderate
NG021034,Zango,2,fula1264,Fula,2,0.13380281690140844,0.65262,REACH Northwest Nigeria MSNA 2022 Data & Analysis,https://repository.impact-initiatives.org/document/impact/c011a778/REACH-NGA2105-NW-MSNA-Datasets-Analysis.xlsx,form,02-07-2023,07-24-2025 13:36:19,moderate
NG037014,Zurmi,2,haus1257,Hausa,1,0.9984082842060921,0.65262,REACH Northwest Nigeria MSNA 2022 Data & Analysis,https://repository.impact-initiatives.org/document/impact/c011a778/REACH-NGA2105-NW-MSNA-Datasets-Analysis.xlsx,form,02-07-2023,07-24-2025 13:36:23,moderate
NG037014,Zurmi,2,fula1264,Fula,2,0.0015917157939079872,0.65262,REACH Northwest Nigeria MSNA 2022 Data & Analysis,https://repository.impact-initiatives.org/document/impact/c011a778/REACH-NGA2105-NW-MSNA-Datasets-Analysis.xlsx,form,02-07-2023,07-24-2025 13:36:23,moderate
NG021024,Mai'adua,2,haus1257,Hausa,1,0.8661971830985915,0.65262,REACH Northwest Nigeria MSNA 2022 Data & Analysis,https://repository.impact-initiatives.org/document/impact/c011a778/REACH-NGA2105-NW-MSNA-Datasets-Analysis.xlsx,form,02-07-2023,07-24-2025 13:37:28,moderate
NG021024,Mai'adua,2,stan1293,English,3,0.007042253521126761,0.65262,REACH Northwest Nigeria MSNA 2022 Data & Analysis,https://repository.impact-initiatives.org/document/impact/c011a778/REACH-NGA2105-NW-MSNA-Datasets-Analysis.xlsx,form,02-07-2023,07-24-2025 13:37:28,moderate
NG021024,Mai'adua,2,fula1264,Fula,2,0.1267605633802817,0.65262,REACH Northwest Nigeria MSNA 2022 Data & Analysis,https://repository.impact-initiatives.org/document/impact/c011a778/REACH-NGA2105-NW-MSNA-Datasets-Analysis.xlsx,form,02-07-2023,07-24-2025 13:37:28,moderate
NG034021,Wamako,2,yoru1245,Yoruba,4,0.014999871576248477,0.65262,REACH Northwest Nigeria MSNA 2022 Data & Analysis,https://repository.impact-initiatives.org/document/impact/c011a778/REACH-NGA2105-NW-MSNA-Datasets-Analysis.xlsx,form,02-07-2023,07-24-2025 13:38:17,moderate
NG034021,Wamako,2,haus1257,Hausa,1,0.9300005993108404,0.65262,REACH Northwest Nigeria MSNA 2022 Data & Analysis,https://repository.impact-initiatives.org/document/impact/c011a778/REACH-NGA2105-NW-MSNA-Datasets-Analysis.xlsx,form,02-07-2023,07-24-2025 13:38:17,moderate
NG034021,Wamako,2,stan1293,English,3,0.02499978596041413,0.65262,REACH Northwest Nigeria MSNA 2022 Data & Analysis,https://repository.impact-initiatives.org/document/impact/c011a778/REACH-NGA2105-NW-MSNA-Datasets-Analysis.xlsx,form,02-07-2023,07-24-2025 13:38:17,moderate
NG034021,Wamako,2,fula1264,Fula,2,0.029999743152496955,0.65262,REACH Northwest Nigeria MSNA 2022 Data & Analysis,https://repository.impact-initiatives.org/document/impact/c011a778/REACH-NGA2105-NW-MSNA-Datasets-Analysis.xlsx,form,02-07-2023,07-24-2025 13:38:17,moderate
